basename,x,y,w,h,score
BaselTMA_SP43_10.3kx13.7ky_6500x8000_6_20170928_78_442_X16Y5_379_a0,1103,1011,250,250,0.9999999933048855
BaselTMA_SP42_32.435kx20.41ky_7000x7000_11_20179015_57_000246_X7Y6_229_a0,840,476,250,250,0.9999999565046196
ZTMA208_slide_13.25kx21.95ky_7000x7000_9_20171115_372_B08.37798_Cy15x4_457_a0,684,231,250,250,0.9999999590190901
ZTMA208_slide_13.25kx14.95ky_7000x7000_8_20171115_291_B98.21413_Cy5x3_278_a0,75,35,250,250,1.0000000938025655
ZTMA208_slide_28.23kx22.4ky_7000x7000_5_20171115_82_B07.23615_Ay11x2_170_a0,694,355,250,250,1.0000000347662064
BaselTMA_SP42_32.435kx20.41ky_7000x7000_11_20179015_48_000271_X6Y7_157_a0,931,598,250,250,1.0000000141946337
ZTMA208_slide_20.73kx22.16ky_7000x7000_7_20171115_217_B08.13657_By12x1_220_a0,711,626,250,250,0.9999999663755672
BaselTMA_SP43_9.9kx19.3ky_6000x5500_11_20170928_94_444_X16Y6_310_a0,1063,1273,250,250,0.9999999876538148
BaselTMA_SP42_19.78kx19.035ky_6500x7000_13_20179015_106_000195_X13Y5_21_a0,391,727,250,250,1.0000000618014704
ZTMA208_slide_28.23kx22.4ky_7000x7000_5_20171115_127_B99.32769_Ay16x7_499_a0,779,63,250,250,1.000000070650334
BaselTMA_SP42_20.8kx6.8ky_6500x1500_15_20179015_118_000144_X14Y1_101_a0,223,243,250,250,0.9999999927798338
BaselTMA_SP43_16.3kx14.5ky_7000x8000_5_20170928_56_356_X9Y4_57_a0,815,155,250,250,0.9999999757019293
ZTMA208_slide_13.25kx21.95ky_7000x7000_9_20171115_349_B08.15792_Cy12x5_262_a0,421,82,250,250,0.9999999894268514
BaselTMA_SP41_23.475kx17.66ky_10000x5000_12_20170905_57_000064_X7Y6_22_a0,396,85,250,250,0.9999999850398851
ZTMA208_slide_28.23kx15.4ky_7000x7000_4_20171115_23_B08.01232_Ay3x7_201_a0,55,398,250,250,0.999999978635874
BaselTMA_SP43_29.3kx15.5ky_7000x8000_3_20170928_49_494_X3Y4_250_a0,301,617,250,250,0.9999999763092983
BaselTMA_SP42_32.435kx20.41ky_7000x7000_11_20179015_40_000249_X5Y6_38_a0,471,432,250,250,1.0000000443708583
BaselTMA_SP43_16.3kx14.5ky_7000x8000_5_20170928_39_423_X10Y3_135_a0,701,407,250,250,1.0000000393770458
BaselTMA_SP41_23.475kx17.66ky_10000x5000_12_20170905_71_000153_X9Y8_197_a0,664,10,250,250,1.0000000580074646
BaselTMA_SP41_331.8kx19.665ky_10000x2000_15_20170905_28_000178_X4Y9_68_a0,405,763,250,250,1.000000000700797
BaselTMA_SP42_26.8kx12.885ky_7000x7000_6_20179015_84_000199_X10Y3_148_a0,683,637,250,250,0.9999999787609344
ZTMA208_slide_13.25kx21.95ky_7000x7000_9_20171115_362_B08.10573_Cy14x2_368_a0,50,55,250,250,1.0000000030506384
BaselTMA_SP42_25.78kx19.535ky_7000x7000_12_20179015_90_000200_X11Y5_208_a0,1231,722,250,250,0.9999999675457804
ZTMA208_slide_28.23kx15.4ky_7000x7000_4_20171115_41_B09.40012_Ay6x1_339_a0,159,397,250,250,1.0000000205593405
ZTMA208_slide_13.25kx14.95ky_7000x7000_8_20171115_268_B08.51226_Cy2x4_130_a0,690,21,250,250,0.9999999972677319
ZTMA208_slide_28.23kx15.4ky_7000x7000_4_20171115_2_B08.16914_Ay1x2_24_a0,552,563,250,250,0.9999999926388072
ZTMA208_slide_28.23kx22.4ky_7000x7000_5_20171115_69_B09.40686_Ay9x5_67_a0,39,715,250,250,1.0000000235029172
BaselTMA_SP42_32.8kx13.885ky_7000x8000_5_20179015_54_000032_X6Y1_95_a0,579,305,250,250,0.9999999733471817
BaselTMA_SP42_39.8kx13.885ky_7000x7000_2_20179015_Liver_Liver_X2Y1_92_a0,825,281,250,250,0.9999999701391923
BaselTMA_SP41_33.475kx17.665ky_8500x5000_13_20170905_39_000090_X5Y7_134_a0,1229,740,250,250,1.0000000002919327
BaselTMA_SP43_29.3kx15.5ky_7000x8000_3_20170928_48_308_X2Y4_147_a0,108,216,250,250,1.0000000419358768
ZTMA208_slide_20.73kx22.16ky_7000x7000_7_20171127_203_B08.41773_By10x3_525_a0,597,564,250,250,1.0000000363444432
BaselTMA_SP42_39.025kx22410ky_7000x8500_8_20179015_10_000360_X2Y9_226_a0,538,530,250,250,0.9999999709251243
BaselTMA_SP42_32.435kx20.41ky_7000x7000_11_20179015_65_000243_X8Y6_325_a0,856,172,250,250,0.9999999865944669
BaselTMA_SP42_19.8kx12.535ky_7000x6500_7_20179015_115_000245_X14Y4_151_a0,365,1165,250,250,1.0000000119106933
BaselTMA_SP43_29.3kx15.5ky_7000x8000_3_20170928_1_403_X3Y1_186_a0,1093,549,250,250,0.9999999766239177
ZTMA208_slide_13.25kx21.95ky_7000x7000_9_20171115_331_B08.24635_Cy10x3_117_a0,377,315,250,250,1.000000093730791
ZTMA208_slide_13.25kx14.95ky_7000x7000_8_20171115_293_B98.21413_Cy5x5_294_a0,541,492,250,250,0.999999974951441
ZTMA208_slide_20.73kx22.16ky_7000x7000_7_20171115_255_B08.28294_By16x7_517_a0,524,16,250,250,0.9999999852872415
BaselTMA_SP41_15.475kx12.665ky_10000x8500_5_20170905_121_000045_X15Y5_252_a0,617,219,250,250,1.0000000224917025
ZTMA208_slide_13.25kx14.95ky_7000x7000_8_20171115_277_B08.44245_Cy3x5_205_a0,527,419,250,250,0.9999999944673296
BaselTMA_SP43_25.8kx22ky_10500x6500_8_20170928_80_440_X2Y6_84_a0,594,1365,250,250,0.9999999651592297
ZTMA208_slide_20.73kx15.16ky_7000x7000_6_20171115_179_B08.52732_By7x3_422_a0,368,327,250,250,0.9999999750543852
ZTMA208_slide_13.25kx14.95ky_7000x7000_8_20171115_287_B08.25184_Cy4x7_261_a0,256,86,250,250,1.0000000186672486
BaselTMA_SP41_33.475kx17.665ky_8500x5000_13_20170905_11_000141_X2Y8_159_a0,775,385,250,250,0.9999999974480279
ZTMA208_slide_28.23kx22.4ky_7000x7000_5_20171115_76_B07.43001_Ay10x4_121_a0,301,720,250,250,0.9999999951576442
ZTMA208_slide_20.73kx15.16ky_7000x7000_6_20171115_181_B08.52732_By7x5_438_a0,97,227,250,250,0.9999999601761497
ZTMA208_slide_13.25kx14.95ky_7000x7000_8_20171115_297_B08.46426_Cy6x1_327_a0,8,123,250,250,0.9999999810116703
ZTMA208_slide_13.25kx14.95ky_7000x7000_8_20171115_271_B08.41856_Cy2x7_154_a0,94,604,250,250,0.9999999983046903
ZTMA208_slide_20.73kx22.16ky_7000x7000_7_20171115_219_B08.13660_By12x3_236_a0,153,289,250,250,0.9999999943673447
BaselTMA_SP42_25.78kx19.535ky_7000x7000_12_20179015_73_000240_X9Y6_41_a0,542,555,250,250,0.9999999384668292
ZTMA208_slide_20.73kx15.16ky_7000x7000_6_20171115_149_B08.25018_By3x5_187_a0,609,345,250,250,0.9999999373379411
BaselTMA_SP42_26.8kx12.885ky_7000x7000_6_20179015_102_000136_X12Y1_293_a0,689,729,250,250,0.9999999341238328
BaselTMA_SP43_22.8kx15ky_7000x8000_4_20170928_20_344_X6Y2_114_a0,1174,552,250,250,0.9999999378143336
ZTMA208_slide_20.73kx15.16ky_7000x7000_6_20171115_172_B08.22993_By6x4_365_a0,18,395,250,250,0.999999961303047
BaselTMA_SP42_39.8kx13.885ky_7000x7000_2_20179015_15_000210_X2Y4_142_a0,62,90,250,250,1.0000000116418846
BaselTMA_SP43_9.9kx19.3ky_6000x5500_11_20170928_123_484_X13Y8_183_a0,1154,1182,250,250,1.000000083865876
BaselTMA_SP43_10.3kx13.7ky_6500x8000_6_20170928_28_469_X14Y2_120_a0,613,1167,250,250,1.0000000295902298
BaselTMA_SP42_26.8kx12.885ky_7000x7000_6_20179015_85_000170_X10Y2_123_a0,140,831,250,250,1.0000000209478663
BaselTMA_SP42_32.435kx20.41ky_7000x7000_11_20179015_47_000325_X6Y8_181_a0,1228,951,250,250,0.9999999566584743
BaselTMA_SP41_25.475kx12.665ky_8000x8500_3_20170905_62_000005_X7Y1_4_a0,385,889,250,250,0.9999999897010518
ZTMA208_slide_20.73kx22.16ky_7000x7000_7_20171115_251_B08.44927_By16x3_494_a0,105,337,250,250,0.9999999759296563
ZTMA208_slide_28.23kx22.4ky_7000x7000_5_20171115_118_B09.00722_Ay15x6_429_a0,116,753,250,250,1.0000000520072283
BaselTMA_SP43_29.3kx15.5ky_7000x8000_3_20170928_31_471_X1Y3_33_a0,801,174,250,250,1.0000000067595582
ZTMA208_slide_20.73kx22.16ky_7000x7000_7_20171115_232_B08.26390_By13x8_342_a0,50,485,250,250,1.0000000067861579
ZTMA208_slide_20.73kx22.16ky_7000x7000_7_20171115_226_B08.45764_By13x2_293_a0,690,129,250,250,0.9999999807160708
ZTMA208_slide_28.23kx15.4ky_7000x7000_4_20171115_33_B08.18756_Ay5x1_274_a0,94,173,250,250,0.9999999778313201
BaselTMA_SP42_39.8kx13.885ky_7000x7000_2_20179015_27_000031_X3Y1_166_a0,1086,871,250,250,0.9999999497302274
ZTMA208_slide_28.23kx15.4ky_7000x7000_4_20171115_48_B09.06468_Ay6x8_396_a0,305,363,250,250,0.9999999743173033
BaselTMA_SP43_16.3kx14.5ky_7000x8000_5_20170928_24_434_X10Y2_117_a0,973,200,250,250,0.9999999851195499
BaselTMA_SP41_23.475kx17.66ky_10000x5000_12_20170905_81_000067_X10Y6_64_a0,1304,753,250,250,1.0000000528531439
BaselTMA_SP42_39.025kx22410ky_7000x8500_8_20179015_11_000307_X2Y8_202_a0,253,327,250,250,1.0000000249656915
ZTMA208_slide_20.73kx15.16ky_7000x7000_6_20171115_152_B08.12871_By3x8_211_a0,523,172,250,250,0.9999999974851285
ZTMA208_slide_28.23kx15.4ky_7000x7000_4_20171115_13_B07.27844_Ay2x5_126_a0,455,687,250,250,1.0000000339098916
ZTMA208_slide_13.25kx14.95ky_7000x7000_8_20171115_304_B08.19722_Cy6x8_383_a0,691,614,250,250,0.9999999566274588
ZTMA208_slide_28.23kx22.4ky_7000x7000_5_20171115_120_B08.11687_Ay15x8_445_a0,610,275,250,250,1.0000000061039929
BaselTMA_SP41_23.475kx17.66ky_10000x5000_12_20170905_80_000100_X10Y7_144_a0,224,536,250,250,0.9999999657995522
BaselTMA_SP43_15.9kx19.3ky_10000x5500_10_20170928_103_462_X9Y7_180_a0,724,545,250,250,0.9999999747685161
BaselTMA_SP41_33.475kx17.665ky_8500x5000_13_20170905_40_000061_X5Y6_66_a0,974,180,250,250,1.0000000798235937
BaselTMA_SP42_25.78kx19.535ky_7000x7000_12_20179015_80_000287_X10Y7_160_a0,330,1149,250,250,0.9999999997860304
ZTMA208_slide_28.23kx15.4ky_7000x7000_4_20171115_55_B09.56719_Ay7x7_452_a0,153,536,250,250,0.9999999389288448
BaselTMA_SP42_26.8kx12.885ky_7000x7000_6_20179015_86_000099_X10Y1_98_a0,655,1162,250,250,1.000000039675769
BaselTMA_SP41_25.475kx12.665ky_8000x8500_3_20170905_84_000057_X10Y3_138_a0,978,474,250,250,1.0000000089751677
ZTMA208_slide_20.73kx15.16ky_7000x7000_6_20171115_191_B11.11390_By8x7_500_a0,673,280,250,250,1.0000000401527025
ZTMA208_slide_28.23kx22.4ky_7000x7000_5_20171115_100_B06.05277_Ay13x4_299_a0,656,333,250,250,0.999999970544021
ZTMA208_slide_20.73kx22.16ky_7000x7000_7_20171115_208_B08.20491_By10x8_145_a0,44,142,250,250,1.0000000105221096
BaselTMA_SP41_15.475kx17.66ky_8000x5000_11_20170905_111_000168_X14Y8_167_a0,714,789,250,250,1.0000000335323922
ZTMA208_slide_28.23kx22.4ky_7000x7000_5_20171115_97_B08.26391_Ay13x1_291_a0,674,644,250,250,1.0000000206462685
ZTMA208_slide_28.23kx22.4ky_7000x7000_5_20171115_89_B07.40530_Ay12x1_226_a0,369,152,250,250,1.000000011805961
ZTMA208_slide_20.73kx15.16ky_7000x7000_6_20171115_131_B08.10992_By1x3_48_a0,88,325,250,250,1.0000000288476165
BaselTMA_SP43_25.8kx22ky_10500x6500_8_20170928_114_493_X4Y8_262_a0,919,646,250,250,1.000000001794233
ZTMA208_slide_28.23kx15.4ky_7000x7000_4_20171115_37_B09.40012_Ay5x5_306_a0,128,447,250,250,1.0000000261735797
BaselTMA_SP41_15.475kx12.665ky_10000x8500_5_20170905_110_000015_X13Y1_32_a0,9,1014,250,250,1.0000000265617732
BaselTMA_SP41_15.475kx12.665ky_10000x8500_5_20170905_115_000089_X14Y4_225_a0,727,640,250,250,0.9999999563108484
BaselTMA_SP42_39.8kx13.885ky_7000x7000_2_20179015_25_000183_X3Y3_214_a0,529,1185,250,250,1.000000034129939
BaselTMA_SP41_15.475kx17.66ky_8000x5000_11_20170905_126_000138_X16Y7_130_a0,393,859,250,250,1.000000002550731
ZTMA208_slide_13.25kx14.95ky_7000x7000_8_20171115_309_B08.10704_Cy7x5_424_a0,590,365,250,250,0.9999999814093345
BaselTMA_SP41_33.475kx17.665ky_8500x5000_13_20170905_20_000142_X3Y8_171_a0,1034,344,250,250,0.9999999992773725
BaselTMA_SP42_32.8kx13.885ky_7000x8000_5_20179015_59_000216_X7Y4_242_a0,158,819,250,250,0.9999999616496139
BaselTMA_SP41_15.475kx12.665ky_10000x8500_5_20170905_107_000089_X13Y4_219_a0,245,152,250,250,0.9999999513396389
ZTMA208_slide_20.73kx15.16ky_7000x7000_6_20171115_180_B08.52732_By7x4_430_a0,128,574,250,250,0.9999999577238372
ZTMA208_slide_13.25kx21.95ky_7000x7000_9_20171115_370_B08.37798_Cy15x2_433_a0,462,103,250,250,1.0000000265410987
BaselTMA_SP41_15.475kx17.66ky_8000x5000_11_20170905_104_000132_X13Y7_91_a0,954,660,250,250,1.00000002379011
BaselTMA_SP43_22.8kx15ky_7000x8000_4_20170928_21_346_X7Y2_210_a0,34,11,250,250,1.0000000968056895
BaselTMA_SP41_23.475kx17.66ky_10000x5000_12_20170905_73_000066_X9Y6_50_a0,304,490,250,250,1.000000008346998
ZTMA208_slide_20.73kx15.16ky_7000x7000_6_20171115_129_B99.32771_By1x1_12_a0,347,42,250,250,1.0000000934980495
ZTMA208_slide_13.25kx21.95ky_7000x7000_9_20171115_348_B08.15792_Cy12x4_254_a0,652,463,250,250,1.0000000298048337
BaselTMA_SP41_23.475kx17.66ky_10000x5000_12_20170905_72_000098_X9Y7_132_a0,671,83,250,250,1.000000003430603
BaselTMA_SP43_10.3kx13.7ky_6500x8000_6_20170928_27_469_X13Y2_27_a0,929,271,250,250,0.9999999823496177
BaselTMA_SP41_25.475kx12.665ky_8000x8500_3_20170905_74_000026_X9Y5_223_a0,734,86,250,250,0.9999999981257515
ZTMA208_slide_28.23kx22.4ky_7000x7000_5_20171115_114_B09.00720_Ay15x2_397_a0,595,681,250,250,1.0000000001555491
ZTMA208_slide_20.73kx22.16ky_7000x7000_7_20171115_206_B08.20491_By10x6_129_a0,194,644,250,250,1.0000000082048286
ZTMA208_slide_20.73kx15.16ky_7000x7000_6_20171115_154_B08.12871_By4x2_227_a0,630,296,250,250,0.9999999095399794
BaselTMA_SP42_26.8kx12.885ky_7000x7000_6_20179015_100_000201_X12Y3_337_a0,800,802,250,250,0.9999999594542428
ZTMA208_slide_28.23kx15.4ky_7000x7000_4_20171115_12_B07.27844_Ay2x4_120_a0,697,621,250,250,1.0000000568672434
ZTMA208_slide_13.25kx14.95ky_7000x7000_8_20171115_312_B07.17017_Cy7x8_448_a0,516,463,250,250,0.9999999152094975
ZTMA208_slide_13.25kx21.95ky_7000x7000_9_20171115_373_B08.37798_Cy15x5_449_a0,670,514,250,250,1.0000000066929955
ZTMA208_slide_20.73kx22.16ky_7000x7000_7_20171115_243_B08.40964_By15x3_431_a0,555,567,250,250,0.9999999336521238
ZTMA208_slide_20.73kx22.16ky_7000x7000_7_20171115_247_B08.42299_By15x7_463_a0,527,320,250,250,1.0000000642733398
ZTMA208_slide_13.25kx21.95ky_7000x7000_9_20171115_375_control_Cy15x7_473_a0,356,687,250,250,1.000000014528808
BaselTMA_SP42_32.435kx20.41ky_7000x7000_11_20179015_39_000270_X5Y7_62_a0,465,201,250,250,0.9999999737281626
ZTMA208_slide_13.25kx14.95ky_7000x7000_8_20171115_263_B08.26270_Cy1x7_86_a0,351,161,250,250,0.9999999815888453
ZTMA208_slide_28.23kx22.4ky_7000x7000_5_20171115_67_B09.40686_Ay9x3_45_a0,758,181,250,250,1.0000000126556474
ZTMA208_slide_20.73kx15.16ky_7000x7000_6_20171115_132_B08.10992_By1x4_60_a0,243,221,250,250,1.0000000582421136
ZTMA208_slide_28.23kx22.4ky_7000x7000_5_20171115_109_B08.52293_Ay14x5_372_a0,374,375,250,250,0.9999999626119173
BaselTMA_SP41_15.475kx12.665ky_10000x8500_5_20170905_94_000011_X11Y1_6_a0,921,378,250,250,0.9999999718869438
BaselTMA_SP43_9.9kx19.3ky_6000x5500_11_20170928_108_387_X14Y7_226_a0,783,933,250,250,0.9999999877804915
ZTMA208_slide_28.23kx15.4ky_7000x7000_4_20171115_44_B09.49021_Ay6x4_363_a0,458,18,250,250,0.9999999791633005
ZTMA208_slide_20.73kx15.16ky_7000x7000_6_20171115_142_B08.47663_By2x6_128_a0,536,525,250,250,1.000000004589033
BaselTMA_SP41_33.475kx12.66ky_8500x8500_2_20170905_8_000024_X1Y2_70_a0,552,103,250,250,1.0000000120897354
ZTMA208_slide_28.23kx15.4ky_7000x7000_4_20171115_11_B08.50869_Ay2x3_112_a0,178,30,250,250,1.000000038252701
ZTMA208_slide_20.73kx15.16ky_7000x7000_6_20171115_141_B08.47663_By2x5_122_a0,205,212,250,250,0.9999998830282533
BaselTMA_SP43_29.3kx15.5ky_7000x8000_3_20170928_32_471_X2Y3_129_a0,419,159,250,250,0.9999999871450941
BaselTMA_SP43_16.3kx14.5ky_7000x8000_5_20170928_41_422_X11Y3_235_a0,225,1152,250,250,1.0000000214455445
ZTMA208_slide_20.73kx15.16ky_7000x7000_6_20171115_143_B08.47663_By2x7_136_a0,260,332,250,250,1.0000000296756084
ZTMA208_slide_28.23kx22.4ky_7000x7000_5_20171115_124_B99.32769_Ay16x4_477_a0,262,70,250,250,1.0000000777706066
ZTMA208_slide_20.73kx22.16ky_7000x7000_7_20171115_198_B08.41771_By9x6_77_a0,8,66,250,250,0.9999999572617471
BaselTMA_SP42_19.78kx19.035ky_6500x7000_13_20179015_120_000257_X15Y6_260_a0,2,104,250,250,0.9999999869609918
ZTMA208_slide_13.25kx14.95ky_7000x7000_8_20171115_314_B07.17017_Cy8x2_464_a0,543,818,250,250,0.9999999911542373
ZTMA208_slide_13.25kx14.95ky_7000x7000_8_20171115_282_B11.06153_Cy4x2_237_a0,264,61,250,250,1.0000000191715626
BaselTMA_SP41_15.475kx17.66ky_8000x5000_11_20170905_112_000135_X14Y7_106_a0,738,934,250,250,0.9999999541194388
ZTMA208_slide_28.23kx22.4ky_7000x7000_5_20171115_73_B07.43001_Ay10x1_99_a0,262,634,250,250,0.9999999953655726
ZTMA208_slide_20.73kx22.16ky_7000x7000_7_20171115_245_B08.42299_By15x5_447_a0,613,326,250,250,1.000000030902368
ZTMA208_slide_13.25kx14.95ky_7000x7000_8_20171115_260_B08.28295_Cy1x4_62_a0,108,488,250,250,0.9999998718010741
ZTMA208_slide_13.25kx21.95ky_7000x7000_9_20171115_328_B08.41985_Cy9x8_95_a0,453,725,250,250,1.0000000202300803
BaselTMA_SP43_15.9kx19.3ky_10000x5500_10_20170928_87_429_X9Y6_162_a0,113,256,250,250,1.0000000108869607
BaselTMA_SP41_25.475kx12.665ky_8000x8500_3_20170905_67_000084_X8Y4_175_a0,408,560,250,250,0.9999999890258863
ZTMA208_slide_13.25kx14.95ky_7000x7000_8_20171115_265_B08.26273_Cy2x1_102_a0,179,191,250,250,0.999999970971187
BaselTMA_SP42_39.8kx13.885ky_7000x7000_2_20179015_7_000181_X1Y3_47_a0,67,769,250,250,0.9999999607929662
ZTMA208_slide_28.23kx22.4ky_7000x7000_5_20171115_96_B08.26391_Ay12x8_283_a0,594,249,250,250,1.000000000335554
ZTMA208_slide_20.73kx22.16ky_7000x7000_7_20171115_235_B08.00072_By14x3_366_a0,602,357,250,250,0.9999999905124213
ZTMA208_slide_13.25kx21.95ky_7000x7000_9_20171115_357_B08.03556_Cy13x5_328_a0,403,353,250,250,0.9999999473185043
ZTMA208_slide_20.73kx15.16ky_7000x7000_6_20171115_190_B11.11390_By8x6_493_a0,915,513,250,250,0.9999999886885016
BaselTMA_SP43_10.3kx13.7ky_6500x8000_6_20170928_44_324_X14Y3_138_a0,6,189,250,250,0.9999999385715289
ZTMA208_slide_28.23kx15.4ky_7000x7000_4_20171115_5_B08.16914_Ay1x5_66_a0,486,61,250,250,1.0000000552704154
BaselTMA_SP43_29.3kx15.5ky_7000x8000_3_20170928_Liver_Liver_X2Y1_90_a0,700,991,250,250,0.9999999742043977
BaselTMA_SP41_25.475kx12.665ky_8000x8500_3_20170905_90_000029_X11Y5_235_a0,794,427,250,250,1.00000001599128
BaselTMA_SP43_16.3kx14.5ky_7000x8000_5_20170928_7_487_X9Y1_9_a0,922,201,250,250,1.0000000039525203
BaselTMA_SP42_39.8kx13.885ky_7000x7000_2_20179015_24_000212_X3Y4_239_a0,220,159,250,250,0.9999999460352211
BaselTMA_SP42_39.025kx22410ky_7000x8500_8_20179015_21_000267_X3Y7_299_a0,270,220,250,250,0.9999999107874068
BaselTMA_SP43_29.3kx15.5ky_7000x8000_3_20170928_66_482_X4Y5_370_a0,399,1307,250,250,1.0000000063789896
BaselTMA_SP43_10.3kx13.7ky_6500x8000_6_20170928_59_313_X13Y4_60_a0,1264,198,250,250,0.999999999257738
ZTMA208_slide_13.25kx14.95ky_7000x7000_8_20171115_301_B08.19722_Cy6x5_359_a0,9,430,250,250,1.000000094244394
ZTMA208_slide_20.73kx22.16ky_7000x7000_7_20171115_241_B08.40964_By15x1_415_a0,117,51,250,250,0.9999999497740498
BaselTMA_SP41_15.475kx12.665ky_10000x8500_5_20170905_99_000086_X12Y4_211_a0,146,959,250,250,0.9999999694128432
ZTMA208_slide_28.23kx22.4ky_7000x7000_5_20171115_117_B09.00720_Ay15x5_421_a0,237,87,250,250,0.9999999972385033
ZTMA208_slide_28.23kx22.4ky_7000x7000_5_20171115_101_B06.05277_Ay13x5_307_a0,418,306,250,250,0.9999999699746268
BaselTMA_SP43_22.8kx15ky_7000x8000_4_20170928_36_475_X6Y3_132_a0,49,1109,250,250,1.000000005547704
ZTMA208_slide_13.25kx21.95ky_7000x7000_9_20171115_325_B07.29413_Cy9x5_71_a0,455,504,250,250,0.9999999506294373
ZTMA208_slide_20.73kx15.16ky_7000x7000_6_20171115_151_B08.25019_By3x7_203_a0,586,703,250,250,0.9999999795007156
ZTMA208_slide_28.23kx15.4ky_7000x7000_4_20171115_10_B08.50869_Ay2x2_104_a0,689,164,250,250,1.0000000191061433
ZTMA208_slide_28.23kx15.4ky_7000x7000_4_20171115_8_B08.50869_Ay1x8_90_a0,357,378,250,250,0.999999913134641
BaselTMA_SP43_9.9kx19.3ky_6000x5500_11_20170928_93_445_X15Y6_268_a0,1043,780,250,250,1.00000001267171
ZTMA208_slide_20.73kx22.16ky_7000x7000_7_20171115_212_B08.01249_By11x4_180_a0,832,454,250,250,1.0000000123371073
BaselTMA_SP41_15.475kx12.665ky_10000x8500_5_20170905_109_000043_X13Y2_116_a0,56,671,250,250,1.0000000042452324
ZTMA208_slide_20.73kx15.16ky_7000x7000_6_20171115_157_B08.12872_By4x5_251_a0,555,387,250,250,1.000000007674102
ZTMA208_slide_13.25kx21.95ky_7000x7000_9_20171115_366_B08.22885_Cy14x6_401_a0,760,527,250,250,0.9999999340220131
BaselTMA_SP42_19.78kx19.035ky_6500x7000_13_20179015_114_000194_X14Y5_138_a0,651,636,250,250,1.000000026721932
ZTMA208_slide_13.25kx21.95ky_7000x7000_9_20171115_371_B08.37798_Cy15x3_441_a0,601,766,250,250,0.9999999897051802
BaselTMA_SP41_23.475kx17.66ky_10000x5000_12_20170905_79_000158_X10Y8_205_a0,465,285,250,250,1.0000000974965884
BaselTMA_SP43_25.8kx22ky_10500x6500_8_20170928_95_468_X1Y7_30_a0,341,84,250,250,1.0000000382940466
BaselTMA_SP42_25.78kx19.535ky_7000x7000_12_20179015_71_000340_X9Y8_86_a0,999,15,250,250,0.9999999881201147
ZTMA208_slide_28.23kx22.4ky_7000x7000_5_20171115_128_B99.32773_Ay16x8_506_a0,412,40,250,250,0.9999999545619667
BaselTMA_SP41_15.475kx12.665ky_10000x8500_5_20170905_98_000036_X12Y5_246_a0,186,270,250,250,1.0000000041253785
BaselTMA_SP42_20.8kx6.8ky_6500x1500_15_20179015_132_000154_X16Y1_248_a0,22,96,250,250,0.9999999286832244
ZTMA208_slide_13.25kx14.95ky_7000x7000_8_20171115_316_B08.38569_Cy8x4_480_a0,157,124,250,250,1.000000052769363
BaselTMA_SP43_22.8kx15ky_7000x8000_4_20170928_53_311_X7Y4_253_a0,217,385,250,250,0.9999999547929481
BaselTMA_SP41_23.475kx17.66ky_10000x5000_12_20170905_49_000063_X6Y6_10_a0,374,22,250,250,1.000000002146122
BaselTMA_SP42_19.78kx19.035ky_6500x7000_13_20179015_105_000233_X13Y6_44_a0,278,555,250,250,1.0000000065131405
ZTMA208_slide_13.25kx14.95ky_7000x7000_8_20171115_320_B08.38569_Cy8x8_509_a0,468,517,250,250,1.0000000108955354
BaselTMA_SP43_10.3kx13.7ky_6500x8000_6_20170928_12_328_X14Y1_99_a0,293,622,250,250,1.0000000005950995
BaselTMA_SP42_26.8kx12.885ky_7000x7000_6_20179015_92_000201_X11Y3_245_a0,1583,301,250,250,1.0000000150363935
BaselTMA_SP43_16.3kx14.5ky_7000x8000_5_20170928_58_306_X12Y4_358_a0,893,219,250,250,0.9999999658105134
ZTMA208_slide_13.25kx14.95ky_7000x7000_8_20171115_283_B11.06153_Cy4x3_245_a0,104,83,250,250,1.0000000064609997
BaselTMA_SP41_33.475kx12.66ky_8500x8500_2_20170905_45_000003_X5Y1_56_a0,282,26,250,250,1.0000000313108157
BaselTMA_SP43_25.8kx22ky_10500x6500_8_20170928_98_458_X4Y7_241_a0,733,1154,250,250,0.9999999786307504
BaselTMA_SP41_25.475kx12.665ky_8000x8500_3_20170905_92_000058_X11Y3_151_a0,689,314,250,250,0.9999999973624701
BaselTMA_SP41_15.475kx12.665ky_10000x8500_5_20170905_106_000037_X13Y5_248_a0,585,353,250,250,1.0000000087760972
ZTMA208_slide_28.23kx22.4ky_7000x7000_5_20171115_75_B07.43001_Ay10x3_113_a0,753,245,250,250,1.0000000044130042
BaselTMA_SP41_33.475kx17.665ky_8500x5000_13_20170905_30_000087_X4Y7_122_a0,929,316,250,250,1.0000000281883938
BaselTMA_SP42_19.78kx19.035ky_6500x7000_13_20179015_112_000300_X14Y7_187_a0,147,219,250,250,1.0000000264342337
ZTMA208_slide_28.23kx22.4ky_7000x7000_5_20171115_93_B08.26391_Ay12x5_258_a0,141,355,250,250,1.0000000129619844
BaselTMA_SP43_25.8kx22ky_10500x6500_8_20170928_81_439_X3Y6_159_a0,178,99,250,250,0.9999999205267573
BaselTMA_SP41_15.475kx17.66ky_8000x5000_11_20170905_119_000137_X15Y7_118_a0,712,214,250,250,0.9999998972539358
ZTMA208_slide_20.73kx22.16ky_7000x7000_7_20171115_229_B08.45764_By13x5_318_a0,118,458,250,250,0.999999981177585
BaselTMA_SP43_15.9kx19.3ky_10000x5500_10_20170928_118_362_X8Y8_144_a0,192,638,250,250,1.0000000000889646
BaselTMA_SP42_19.8kx12.535ky_7000x6500_7_20179015_129_000189_X16Y4_319_a0,1441,882,250,250,1.0000000517956822
BaselTMA_SP42_26.8kx12.885ky_7000x7000_6_20179015_78_000099_X9Y1_9_a0,288,1002,250,250,0.9999999521988915
BaselTMA_SP43_16.3kx14.5ky_7000x8000_5_20170928_42_422_X12Y3_340_a0,905,1019,250,250,1.0000000229398918
ZTMA208_slide_20.73kx22.16ky_7000x7000_7_20171115_214_B08.13657_By11x6_196_a0,469,562,250,250,0.9999999815232962
BaselTMA_SP41_33.475kx17.665ky_8500x5000_13_20170905_21_000083_X3Y7_110_a0,902,916,250,250,1.0000000316118514
BaselTMA_SP42_39.8kx13.885ky_7000x7000_2_20179015_34_000183_X4Y3_311_a0,173,832,250,250,1.000000053520775
BaselTMA_SP42_39.8kx13.885ky_7000x7000_2_20179015_16_000181_X2Y3_117_a0,555,1108,250,250,0.9999999762193729
BaselTMA_SP43_15.9kx19.3ky_10000x5500_10_20170928_106_477_X12Y7_367_a0,1311,282,250,250,1.0000000233626234
ZTMA208_slide_20.73kx22.16ky_7000x7000_7_20171115_246_B08.42299_By15x6_455_a0,355,585,250,250,1.0000000105183287
BaselTMA_SP41_15.475kx17.66ky_8000x5000_11_20170905_105_000073_X13Y6_20_a0,1037,548,250,250,1.0000000038653327
ZTMA208_slide_13.25kx21.95ky_7000x7000_9_20171115_355_B08.03449_Cy13x3_312_a0,590,477,250,250,0.9999999776168773
BaselTMA_SP43_25.8kx22ky_10500x6500_8_20170928_112_310_X2Y8_123_a0,574,968,250,250,1.0000000168317522
BaselTMA_SP42_19.78kx19.035ky_6500x7000_13_20179015_113_000252_X14Y6_163_a0,975,697,250,250,1.0000000093315282
BaselTMA_SP42_39.025kx22410ky_7000x8500_8_20179015_5_000188_X1Y5_12_a0,570,764,250,250,1.0000000461749672
BaselTMA_SP43_29.3kx15.5ky_7000x8000_3_20170928_65_415_X3Y5_271_a0,224,401,250,250,0.9999999871433961
ZTMA208_slide_20.73kx15.16ky_7000x7000_6_20171115_150_B08.25018_By3x6_195_a0,70,571,250,250,1.0000000248199115
ZTMA208_slide_13.25kx21.95ky_7000x7000_9_20171115_376_control_Cy15x8_481_a0,553,537,250,250,1.000000035158137
BaselTMA_SP43_15.9kx19.3ky_10000x5500_10_20170928_105_453_X11Y7_307_a0,769,568,250,250,1.0000000176044528
ZTMA208_slide_20.73kx15.16ky_7000x7000_6_20171115_170_B08.22993_By6x2_349_a0,584,2,250,250,0.9999999601503052
ZTMA208_slide_36.25kx11.4ky_1000x2500_3_20171115_0_non-breast_Dy1x0_3_a0,54,530,250,250,1.0000000124910151
ZTMA208_slide_20.73kx15.16ky_7000x7000_6_20171115_145_B08.47663_By3x1_152_a0,748,48,250,250,0.9999999397758254
BaselTMA_SP41_25.475kx12.665ky_8000x8500_3_20170905_78_000010_X9Y1_30_a0,693,558,250,250,1.0000000588129376
ZTMA208_slide_28.23kx15.4ky_7000x7000_4_20171115_15_B07.27844_Ay2x7_142_a0,109,74,250,250,1.0000000985589423
BaselTMA_SP43_25.8kx22ky_10500x6500_8_20170928_82_438_X4Y6_219_a0,1039,1203,250,250,0.9999999460778114
BaselTMA_SP43_9.9kx19.3ky_6000x5500_11_20170928_124_499_X14Y8_247_a0,755,119,250,250,1.0000000219273257
ZTMA208_slide_13.25kx21.95ky_7000x7000_9_20171115_339_B08.39680_Cy11x3_190_a0,524,40,250,250,0.9999999993282473
ZTMA208_slide_13.25kx14.95ky_7000x7000_8_20171115_278_B08.44245_Cy3x6_213_a0,40,242,250,250,0.9999999602915995
BaselTMA_SP41_33.475kx12.66ky_8500x8500_2_20170905_33_000079_X4Y4_215_a0,408,214,250,250,1.0000000097471387
BaselTMA_SP42_26.8kx12.885ky_7000x7000_6_20179015_78_000227_X9Y4_74_a0,906,755,250,250,1.0000000353947873
BaselTMA_SP42_39.025kx22410ky_7000x8500_8_20179015_19_000361_X3Y9_340_a0,304,488,250,250,0.9999999528096549
BaselTMA_SP42_19.8kx12.535ky_7000x6500_7_20179015_123_000206_X15Y3_223_a0,294,678,250,250,1.000000009214124
ZTMA208_slide_28.23kx15.4ky_7000x7000_4_20171115_63_B09.28933_Ay8x7_512_a0,510,683,250,250,1.0000000098685633
BaselTMA_SP43_10.3kx13.7ky_6500x8000_6_20170928_13_334_X15Y1_195_a0,674,874,250,250,0.9999999412820977
BaselTMA_SP43_22.8kx15ky_7000x8000_4_20170928_35_475_X5Y3_36_a0,469,482,250,250,0.9999999729641755
BaselTMA_SP43_10.3kx13.7ky_6500x8000_6_20170928_62_411_X16Y4_361_a0,250,734,250,250,1.0000000201634334
ZTMA208_slide_13.25kx21.95ky_7000x7000_9_20171115_364_B08.22885_Cy14x4_384_a0,344,607,250,250,1.0000000240236129
BaselTMA_SP43_9.9kx19.3ky_6000x5500_11_20170928_91_447_X13Y6_69_a0,117,646,250,250,1.000000042464546
ZTMA208_slide_13.25kx14.95ky_7000x7000_8_20171115_261_B08.26270_Cy1x5_70_a0,679,645,250,250,1.0000000329268475
BaselTMA_SP42_39.025kx22410ky_7000x8500_8_20179015_28_000366_X4Y9_370_a0,1014,835,250,250,1.0000000071277235
BaselTMA_SP41_23.475kx17.66ky_10000x5000_12_20170905_89_000069_X11Y6_78_a0,468,638,250,250,0.9999999827881246
ZTMA208_slide_28.23kx22.4ky_7000x7000_5_20171115_70_B09.40686_Ay9x6_75_a0,198,674,250,250,0.9999999231893398
BaselTMA_SP42_19.8kx12.535ky_7000x6500_7_20179015_107_000245_X13Y4_77_a0,309,922,250,250,0.9999999592655733
BaselTMA_SP41_33.475kx12.66ky_8500x8500_2_20170905_34_000051_X4Y3_173_a0,534,1192,250,250,1.0000000537249274
BaselTMA_SP43_25.8kx22ky_10500x6500_8_20170928_128_70_X4Y9_283_a0,550,980,250,250,1.000000008012146
ZTMA208_slide_13.25kx14.95ky_7000x7000_8_20171115_313_B07.17017_Cy8x1_456_a0,777,257,250,250,0.9999998903021209
BaselTMA_SP43_10.3kx13.7ky_6500x8000_6_20170928_45_353_X15Y3_238_a0,48,98,250,250,0.9999999713901226
BaselTMA_SP42_32.8kx13.885ky_7000x8000_5_20179015_70_000091_X8Y1_266_a0,93,218,250,250,1.0000000138633898
ZTMA208_slide_28.23kx15.4ky_7000x7000_4_20171115_42_B09.49021_Ay6x2_347_a0,35,140,250,250,0.9999999719840078
BaselTMA_SP43_15.9kx19.3ky_10000x5500_10_20170928_85_432_X7Y6_48_a0,1113,521,250,250,0.9999999753856836
ZTMA208_slide_28.23kx15.4ky_7000x7000_4_20171115_19_B08.23393_Ay3x3_169_a0,524,267,250,250,1.0000000047779092
BaselTMA_SP41_25.475kx12.665ky_8000x8500_3_20170905_86_000010_X10Y1_44_a0,188,236,250,250,1.0000000398536464
ZTMA208_slide_20.73kx15.16ky_7000x7000_6_20171115_189_B11.11390_By8x5_486_a0,417,117,250,250,0.9999999661476746
ZTMA208_slide_13.25kx21.95ky_7000x7000_9_20171115_354_B08.03449_Cy13x2_303_a0,0,516,250,250,0.9999999952194706
ZTMA208_slide_20.73kx22.16ky_7000x7000_7_20171115_200_B08.41771_By9x8_85_a0,356,372,250,250,0.9999999878250667
BaselTMA_SP42_39.8kx13.885ky_7000x7000_2_20179015_26_000159_X3Y2_190_a0,364,801,250,250,1.0000000037338739
BaselTMA_SP42_39.8kx13.885ky_7000x7000_2_20179015_35_000159_X4Y2_287_a0,536,161,250,250,0.9999999888880675
BaselTMA_SP42_26.8kx12.885ky_7000x7000_6_20179015_91_000250_X11Y4_269_a0,40,44,250,250,1.0000000021656843
BaselTMA_SP41_33.475kx12.66ky_8500x8500_2_20170905_26_000028_X3Y2_99_a0,579,630,250,250,1.0000000220693335
BaselTMA_SP41_23.475kx17.66ky_10000x5000_12_20170905_55_000151_X7Y8_179_a0,321,410,250,250,1.0000000269229092
ZTMA208_slide_13.25kx21.95ky_7000x7000_9_20171115_368_B08.22886_Cy14x8_417_a0,599,254,250,250,0.9999999755332429
BaselTMA_SP43_15.9kx19.3ky_10000x5500_10_20170928_122_369_X12Y8_385_a0,40,627,250,250,0.9999999874069508
BaselTMA_SP42_25.78kx19.535ky_7000x7000_12_20179015_98_000198_X12Y5_305_a0,336,914,250,250,1.0000000231258737
BaselTMA_SP43_10.3kx13.7ky_6500x8000_6_20170928_29_470_X15Y2_216_a0,391,1025,250,250,1.0000000394228554
BaselTMA_SP41_33.475kx12.66ky_8500x8500_2_20170905_27_000001_X3Y1_28_a0,392,630,250,250,0.9999999802489812
BaselTMA_SP43_29.3kx15.5ky_7000x8000_3_20170928_33_472_X3Y3_229_a0,798,753,250,250,0.9999999686578138
ZTMA208_slide_28.23kx22.4ky_7000x7000_5_20171115_126_B99.32769_Ay16x6_492_a0,461,164,250,250,1.0000000129804647
BaselTMA_SP42_26.8kx12.885ky_7000x7000_6_20179015_76_000187_X9Y3_53_a0,592,59,250,250,1.0000000325577691
ZTMA208_slide_28.23kx15.4ky_7000x7000_4_20171115_40_B09.40012_Ay5x8_331_a0,109,170,250,250,0.9999999842382201
ZTMA208_slide_28.23kx15.4ky_7000x7000_4_20171115_7_B08.50869_Ay1x7_82_a0,162,219,250,250,0.9999999812820153
ZTMA208_slide_20.73kx15.16ky_7000x7000_6_20171115_177_B04.15882_By7x1_406_a0,578,768,250,250,0.9999999366018465
ZTMA208_slide_28.23kx22.4ky_7000x7000_5_20171115_84_B07.23615_Ay11x4_186_a0,147,416,250,250,0.9999999981146119
ZTMA208_slide_28.23kx22.4ky_7000x7000_5_20171115_83_B07.23615_Ay11x3_178_a0,388,145,250,250,0.9999999689064554
BaselTMA_SP43_22.8kx15ky_7000x8000_4_20170928_22_346_X8Y2_316_a0,597,746,250,250,1.0000000054257976
BaselTMA_SP41_23.475kx17.66ky_10000x5000_12_20170905_64_000097_X8Y7_120_a0,2,729,250,250,0.9999999745967255
BaselTMA_SP41_33.475kx17.665ky_8500x5000_13_20170905_2_000140_X1Y8_146_a0,244,481,250,250,1.0000000523982886
BaselTMA_SP43_25.8kx22ky_10500x6500_8_20170928_130_502_X6Y9_391_a0,757,761,250,250,1.000000031472984
BaselTMA_SP42_39.025kx22410ky_7000x8500_8_20179015_4_000225_X1Y6_35_a0,1023,705,250,250,0.9999999792039461
BaselTMA_SP42_32.435kx20.41ky_7000x7000_11_20179015_58_000209_X7Y5_205_a0,765,387,250,250,0.9999999787505619
ZTMA208_slide_13.25kx21.95ky_7000x7000_9_20171115_326_B08.41985_Cy9x6_79_a0,520,533,250,250,1.0000000416966839
BaselTMA_SP42_19.78kx19.035ky_6500x7000_13_20179015_121_000230_X15Y5_236_a0,123,129,250,250,1.0000000266598326
BaselTMA_SP43_10.3kx13.7ky_6500x8000_6_20170928_13_328_X13Y1_12_a0,199,405,250,250,0.9999999993362206
ZTMA208_slide_20.73kx15.16ky_7000x7000_6_20171115_178_B08.52732_By7x2_414_a0,698,668,250,250,1.000000011337968
ZTMA208_slide_28.23kx15.4ky_7000x7000_4_20171115_24_B08.01232_Ay3x8_209_a0,614,141,250,250,1.000000002617401
ZTMA208_slide_13.25kx14.95ky_7000x7000_8_20171115_300_B08.46426_Cy6x4_351_a0,402,250,250,250,0.9999999813142132
BaselTMA_SP43_25.8kx22ky_10500x6500_8_20170928_113_492_X3Y9_198_a0,298,806,250,250,1.0000000671232028
BaselTMA_SP42_39.025kx22410ky_7000x8500_8_20179015_22_000222_X3Y6_275_a0,218,596,250,250,0.9999999782439848
BaselTMA_SP41_33.475kx12.66ky_8500x8500_2_20170905_51_000082_X6Y4_227_a0,892,630,250,250,0.999999989404776
BaselTMA_SP41_33.475kx12.66ky_8500x8500_2_20170905_16_000050_X2Y3_149_a0,52,498,250,250,0.9999999657418497
ZTMA208_slide_28.23kx22.4ky_7000x7000_5_20171115_119_B08.11687_Ay15x7_437_a0,330,284,250,250,0.9999999446302021
BaselTMA_SP42_25.78kx19.535ky_7000x7000_12_20179015_96_000290_X12Y7_346_a0,1034,227,250,250,0.9999999849161517
BaselTMA_SP41_33.475kx12.66ky_8500x8500_2_20170905_6_000077_X1Y4_191_a0,604,588,250,250,1.0000000296140086
ZTMA208_slide_20.73kx15.16ky_7000x7000_6_20171115_144_B08.47663_By2x8_144_a0,158,183,250,250,0.9999999731681888
ZTMA208_slide_20.73kx15.16ky_7000x7000_6_20171115_136_B08.15680_By1x8_84_a0,69,172,250,250,1.0000000032489502
BaselTMA_SP41_33.475kx12.66ky_8500x8500_2_20170905_43_000054_X5Y3_183_a0,457,1063,250,250,1.0000000323283142
BaselTMA_SP42_25.78kx19.535ky_7000x7000_12_20179015_89_000237_X11Y6_232_a0,1243,580,250,250,1.0000000132250455
BaselTMA_SP43_25.8kx22ky_10500x6500_8_20170928_79_441_X1Y6_15_a0,793,1033,250,250,0.9999999363347408
BaselTMA_SP43_22.8kx15ky_7000x8000_4_20170928_51_496_X5Y4_54_a0,113,878,250,250,1.000000022866857
BaselTMA_SP41_15.475kx12.665ky_10000x8500_5_20170905_118_000015_X14Y1_46_a0,848,498,250,250,1.000000011348152
BaselTMA_SP41_23.475kx17.66ky_10000x5000_12_20170912_49_000063_X6Y6_256_a0,110,413,250,250,1.0000000560751057
ZTMA208_slide_28.23kx22.4ky_7000x7000_5_20171115_85_B07.23615_Ay11x5_194_a0,651,13,250,250,0.9999999974676773
ZTMA208_slide_13.25kx21.95ky_7000x7000_9_20171115_353_B08.03449_Cy13x1_295_a0,4,95,250,250,0.9999999719069486
ZTMA208_slide_28.23kx15.4ky_7000x7000_4_20171115_50_B09.06468_Ay7x2_412_a0,53,729,250,250,0.9999999557173626
ZTMA208_slide_13.25kx21.95ky_7000x7000_9_20171115_323_B07.29413_Cy9x3_55_a0,31,149,250,250,0.9999999833959229
ZTMA208_slide_20.73kx22.16ky_7000x7000_7_20171115_252_B08.44927_By16x4_501_a0,167,596,250,250,0.9999999738971468
ZTMA208_slide_20.73kx22.16ky_7000x7000_7_20171115_194_B08.48129_By9x2_33_a0,163,166,250,250,1.0000000129185354
ZTMA208_slide_28.23kx22.4ky_7000x7000_5_20171115_110_B08.52293_Ay14x6_380_a0,729,200,250,250,1.0000000042668145
BaselTMA_SP41_15.475kx12.665ky_10000x8500_5_20170905_122_000004_X15Y4_231_a0,690,339,250,250,1.0000000170924461
ZTMA208_slide_13.25kx21.95ky_7000x7000_9_20171115_351_B08.15792_Cy12x7_279_a0,401,354,250,250,1.0000000497760886
ZTMA208_slide_28.23kx22.4ky_7000x7000_5_20171115_94_B08.26391_Ay12x6_266_a0,620,570,250,250,1.000000042494124
ZTMA208_slide_20.73kx22.16ky_7000x7000_7_20171115_218_B08.13657_By12x2_228_a0,579,402,250,250,1.0000000350931422
BaselTMA_SP41_15.475kx12.665ky_10000x8500_5_20170905_124_000047_X15Y2_140_a0,699,239,250,250,1.000000049662984
ZTMA208_slide_20.73kx15.16ky_7000x7000_6_20171115_160_B08.08109_By4x8_276_a0,580,452,250,250,1.000000066828085
ZTMA208_slide_28.23kx15.4ky_7000x7000_4_20171115_26_B08.01232_Ay4x2_225_a0,76,169,250,250,1.0000000113585887
ZTMA208_slide_28.23kx22.4ky_7000x7000_5_20171115_79_B07.38430_Ay10x7_143_a0,416,669,250,250,0.9999999957801256
ZTMA208_slide_20.73kx22.16ky_7000x7000_7_20171115_207_B08.20491_By10x7_137_a0,244,75,250,250,0.9999999996675519
ZTMA208_slide_20.73kx22.16ky_7000x7000_7_20171115_254_B08.44928_By16x6_513_a0,65,288,250,250,0.9999999762075835
ZTMA208_slide_13.25kx14.95ky_7000x7000_8_20171115_292_B98.21413_Cy5x4_286_a0,423,108,250,250,0.9999999587182413
BaselTMA_SP43_15.9kx19.3ky_10000x5500_10_20170928_101_464_X7Y7_66_a0,233,588,250,250,1.0000000194480763
ZTMA208_slide_28.23kx15.4ky_7000x7000_4_20171115_64_B09.28933_Ay8x8_516_a0,276,514,250,250,1.0000000365221704
ZTMA208_slide_20.73kx22.16ky_7000x7000_7_20171115_253_B08.44927_By16x5_508_a0,693,316,250,250,1.0000000059036551
BaselTMA_SP43_9.9kx19.3ky_6000x5500_11_20170928_110_293_X16Y7_331_a0,606,1224,250,250,1.000000032919935
BaselTMA_SP41_33.475kx12.66ky_8500x8500_2_20170905_25_000051_X3Y3_161_a0,390,339,250,250,0.9999999800410785
BaselTMA_SP42_32.435kx20.41ky_7000x7000_11_20179015_49_000247_X6Y6_132_a0,289,434,250,250,0.9999999821476943
ZTMA208_slide_28.23kx15.4ky_7000x7000_4_20171115_35_B08.18756_Ay5x3_290_a0,552,222,250,250,1.0000000468138441
BaselTMA_SP42_26.8kx12.885ky_7000x7000_6_20179015_77_000170_X9Y2_30_a0,689,450,250,250,1.0000000113269407
ZTMA208_slide_28.23kx22.4ky_7000x7000_5_20171115_112_B08.52293_Ay14x8_389_a0,352,477,250,250,1.0000000460993983
ZTMA208_slide_20.73kx22.16ky_7000x7000_7_20171115_236_B08.00072_By14x4_374_a0,276,95,250,250,1.0000000333631143
ZTMA208_slide_20.73kx15.16ky_7000x7000_6_20171115_185_B08.50753_By8x1_454_a0,608,206,250,250,0.9999999968426961
BaselTMA_SP41_25.475kx12.665ky_8000x8500_3_20170905_53_000030_X6Y2_58_a0,535,516,250,250,1.000000040837615
BaselTMA_SP42_32.435kx20.41ky_7000x7000_11_20179015_56_000272_X7Y7_254_a0,378,528,250,250,0.9999999832338754
ZTMA208_slide_28.23kx22.4ky_7000x7000_5_20171115_81_B07.38430_Ay11x1_162_a0,154,226,250,250,0.9999999739231639
BaselTMA_SP41_331.8kx19.665ky_10000x2000_15_20170905_1_000169_X1Y9_26_a0,965,1086,250,250,1.0000000436208232
BaselTMA_SP41_33.475kx12.66ky_8500x8500_2_20170905_Liver_Liver_X2Y1_14_a0,804,767,250,250,0.9999999880288469
BaselTMA_SP41_33.475kx12.66ky_8500x8500_2_20170905_83_000085_X10Y4_244_a0,828,459,250,250,1.000000030390903
BaselTMA_SP42_32.435kx20.41ky_7000x7000_11_20179015_50_000211_X6Y5_107_a0,1248,630,250,250,0.999999948051014
ZTMA208_slide_13.25kx21.95ky_7000x7000_9_20171115_333_B08.24635_Cy10x5_139_a0,160,233,250,250,1.000000030693279
ZTMA208_slide_20.73kx22.16ky_7000x7000_7_20171115_197_B08.48129_By9x5_69_a0,138,118,250,250,1.0000000189387859
BaselTMA_SP43_29.3kx15.5ky_7000x8000_3_20170928_Liver_Liver_X1Y1_3_a0,477,582,250,250,1.000000026145944
BaselTMA_SP41_23.475kx17.66ky_10000x5000_12_20170905_88_000101_X11Y7_157_a0,239,800,250,250,0.9999999807774231
BaselTMA_SP41_33.475kx17.665ky_8500x5000_13_20170905_12_000081_X2Y7_95_a0,766,89,250,250,1.0000000287730555
ZTMA208_slide_28.23kx15.4ky_7000x7000_4_20171115_18_B08.23393_Ay3x2_161_a0,474,288,250,250,1.000000047320164
ZTMA208_slide_20.73kx22.16ky_7000x7000_7_20171115_256_B08.28294_By16x8_520_a0,613,78,250,250,0.9999999233372354
BaselTMA_SP43_15.9kx19.3ky_10000x5500_10_20170928_88_452_X10Y6_223_a0,519,146,250,250,0.999999950152061
ZTMA208_slide_13.25kx14.95ky_7000x7000_8_20171115_298_B08.46426_Cy6x2_335_a0,36,68,250,250,1.0000000282264185
BaselTMA_SP42_26.8kx12.885ky_7000x7000_6_20179015_99_000250_X12Y4_349_a0,474,91,250,250,0.9999999642872611
ZTMA208_slide_20.73kx15.16ky_7000x7000_6_20171115_159_B08.08109_By4x7_267_a0,538,229,250,250,1.0000000799226756
ZTMA208_slide_13.25kx21.95ky_7000x7000_9_20171115_327_B08.41985_Cy9x7_87_a0,373,31,250,250,0.999999981224594
ZTMA208_slide_13.25kx21.95ky_7000x7000_9_20171115_322_B07.29413_Cy9x2_39_a0,475,299,250,250,0.9999999990317139
BaselTMA_SP43_16.3kx14.5ky_7000x8000_5_20170928_72_491_X10Y5_171_a0,301,1157,250,250,1.0000000026686526
BaselTMA_SP42_39.025kx22410ky_7000x8500_8_20179015_2_000304_X1Y8_80_a0,326,937,250,250,0.99999996527309
ZTMA208_slide_20.73kx22.16ky_7000x7000_7_20171115_216_B08.13657_By11x8_212_a0,224,113,250,250,0.9999999497142404
BaselTMA_SP41_25.475kx12.665ky_8000x8500_3_20170905_82_000027_X10Y5_229_a0,1068,109,250,250,1.0000000003011507
ZTMA208_slide_20.73kx15.16ky_7000x7000_6_20171127_135_B08.10993_By1x7_524_a0,29,375,250,250,0.9999999970558041
ZTMA208_slide_28.23kx22.4ky_7000x7000_5_20171115_87_B07.40530_Ay11x7_210_a0,64,24,250,250,0.9999999832138865
BaselTMA_SP41_15.475kx17.66ky_8000x5000_11_20170905_113_000074_X14Y6_34_a0,988,49,250,250,0.9999999617684184
ZTMA208_slide_28.23kx15.4ky_7000x7000_4_20171115_53_B09.56719_Ay7x5_436_a0,75,103,250,250,1.0000000008257084
BaselTMA_SP41_25.475kx12.665ky_8000x8500_3_20170905_85_000040_X10Y2_102_a0,576,3,250,250,1.000000042413459
BaselTMA_SP43_25.8kx22ky_10500x6500_8_20170928_126_501_X2Y9_141_a0,489,147,250,250,0.9999999747021363
ZTMA208_slide_28.23kx22.4ky_7000x7000_5_20171115_102_B06.05277_Ay13x6_316_a0,420,670,250,250,1.0000000070115413
BaselTMA_SP41_15.475kx12.665ky_10000x8500_5_20170905_108_000059_X13Y3_187_a0,117,1001,250,250,0.9999999832977967
BaselTMA_SP41_33.475kx12.66ky_8500x8500_2_20170905_Liver_Liver_X1Y1_2_a0,84,0,172,250,0.9999999805817592
BaselTMA_SP43_29.3kx15.5ky_7000x8000_3_20170928_15_317_X1Y2_18_a0,580,322,250,250,0.9999999884791029
BaselTMA_SP43_29.3kx15.5ky_7000x8000_3_20170928_16_317_X2Y2_111_a0,929,62,250,250,0.9999999920450079
BaselTMA_SP43_15.9kx19.3ky_10000x5500_10_20170928_119_359_X9Y8_201_a0,255,1048,250,250,0.9999999763331114
ZTMA208_slide_20.73kx22.16ky_7000x7000_7_20171115_230_B08.26390_By13x6_326_a0,147,287,250,250,1.0000000398483742
BaselTMA_SP42_25.78kx19.535ky_7000x7000_12_20179015_95_000347_X12Y8_358_a0,485,184,250,250,1.0000000203447423
BaselTMA_SP43_16.3kx14.5ky_7000x8000_5_20170928_40_423_X9Y3_39_a0,1269,45,250,250,0.9999999507226314
BaselTMA_SP41_15.475kx12.665ky_10000x8500_5_20170905_117_000043_X14Y2_128_a0,857,571,250,250,1.0000000114344638
BaselTMA_SP41_15.475kx12.665ky_10000x8500_5_20170905_125_000023_X15Y1_60_a0,1110,360,250,250,1.0000000177159403
ZTMA208_slide_20.73kx15.16ky_7000x7000_6_20171115_148_B08.25018_By3x4_179_a0,756,500,250,250,0.9999999843503541
ZTMA208_slide_13.25kx21.95ky_7000x7000_9_20171115_358_B08.10573_Cy13x6_336_a0,477,512,250,250,1.0000000581192827
BaselTMA_SP42_32.8kx13.885ky_7000x8000_5_20179015_43_000186_X5Y3_50_a0,243,699,250,250,0.9999999939527748
ZTMA208_slide_28.23kx22.4ky_7000x7000_5_20171115_92_B07.40530_Ay12x4_250_a0,718,742,250,250,0.9999999999300763
ZTMA208_slide_28.23kx15.4ky_7000x7000_4_20171115_56_B09.56719_Ay7x8_460_a0,778,614,250,250,1.0000000741598245
BaselTMA_SP41_15.475kx12.665ky_10000x8500_5_20170905_132_000023_X16Y1_74_a0,813,459,250,250,1.0000000593431304
BaselTMA_SP41_33.475kx12.66ky_8500x8500_2_20170905_44_000030_X5Y2_124_a0,251,12,250,250,0.9999999991995671
ZTMA208_slide_13.25kx21.95ky_7000x7000_9_20171115_367_B08.22885_Cy14x7_409_a0,156,543,250,250,1.0000000073443822
ZTMA208_slide_20.73kx22.16ky_7000x7000_7_20171115_205_B08.20491_By10x5_123_a0,634,564,250,250,0.9999999459654235
BaselTMA_SP43_25.8kx22ky_10500x6500_8_20170928_111_285_X1Y8_45_a0,301,80,250,250,0.999999977283489
BaselTMA_SP43_15.9kx19.3ky_10000x5500_10_20170928_120_341_X10Y8_265_a0,1323,327,250,250,0.9999999747737541
ZTMA208_slide_28.23kx15.4ky_7000x7000_4_20171115_45_B09.49021_Ay6x5_371_a0,667,474,250,250,0.9999999856778518
ZTMA208_slide_20.73kx15.16ky_7000x7000_6_20171115_153_B08.12871_By4x1_219_a0,468,155,250,250,0.9999999840046173
ZTMA208_slide_13.25kx14.95ky_7000x7000_8_20171115_307_B08.10704_Cy7x3_408_a0,682,339,250,250,0.9999999223155397
BaselTMA_SP41_23.475kx17.66ky_10000x5000_12_20170905_48_000094_X6Y7_93_a0,568,741,250,250,0.9999999293618274
ZTMA208_slide_28.23kx15.4ky_7000x7000_4_20171115_30_B04.11513_Ay4x6_249_a0,276,632,250,250,1.0000000206066075
BaselTMA_SP41_15.475kx17.66ky_8000x5000_11_20170905_127_000076_X16Y6_62_a0,594,237,250,250,0.9999999604008325
ZTMA208_slide_13.25kx21.95ky_7000x7000_9_20171115_365_B08.22885_Cy14x5_393_a0,141,358,250,250,0.9999999450076065
BaselTMA_SP43_10.3kx13.7ky_6500x8000_6_20170928_61_198_X15Y4_259_a0,235,86,250,250,1.0000000057625484
ZTMA208_slide_20.73kx22.16ky_7000x7000_7_20171115_249_B08.42299_By16x1_479_a0,396,137,250,250,0.9999999385181337
ZTMA208_slide_28.23kx22.4ky_7000x7000_5_20171115_91_B07.40530_Ay12x3_242_a0,122,367,250,250,1.000000051822643
BaselTMA_SP42_26.8kx12.885ky_7000x7000_6_20179015_93_000172_X11Y2_220_a0,25,578,250,250,1.0000000227005514
ZTMA208_slide_28.23kx15.4ky_7000x7000_4_20171115_59_B09.21360_Ay8x3_484_a0,135,66,250,250,1.0000000448345272
ZTMA208_slide_20.73kx15.16ky_7000x7000_6_20171115_186_B08.50753_By8x2_462_a0,629,555,250,250,1.0000000112658847
BaselTMA_SP42_32.8kx13.885ky_7000x8000_5_20179015_44_000160_X5Y2_27_a0,633,247,250,250,0.9999999276751069
BaselTMA_SP43_10.3kx13.7ky_6500x8000_6_20170928_43_324_X13Y3_42_a0,11,1368,250,250,0.9999999767496953
BaselTMA_SP42_19.78kx19.035ky_6500x7000_13_20179015_126_000371_X16Y7_331_a0,1264,415,250,250,0.9999999389499985
BaselTMA_SP43_15.9kx19.3ky_10000x5500_10_20170928_90_449_X12Y6_349_a0,1098,822,250,250,0.9999999604919122
BaselTMA_SP42_19.78kx19.035ky_6500x7000_13_20179015_127_000260_X16Y6_308_a0,598,206,250,250,0.9999999797539004
ZTMA208_slide_13.25kx14.95ky_7000x7000_8_20171115_317_B08.38569_Cy8x5_488_a0,149,416,250,250,1.000000041273987
ZTMA208_slide_28.23kx15.4ky_7000x7000_4_20171115_58_B09.21360_Ay8x2_476_a0,330,595,250,250,1.000000007491885
ZTMA208_slide_20.73kx22.16ky_7000x7000_7_20171115_215_B08.13657_By11x7_204_a0,459,153,250,250,0.9999999864926907
BaselTMA_SP42_32.8kx13.885ky_7000x8000_5_20179015_62_000091_X7Y1_193_a0,613,433,250,250,1.000000002935927
ZTMA208_slide_13.25kx14.95ky_7000x7000_8_20171115_295_B98.21413_Cy5x7_311_a0,61,58,250,250,0.9999999626028726
ZTMA208_slide_28.23kx22.4ky_7000x7000_5_20171115_72_B07.43001_Ay9x8_91_a0,862,552,250,250,0.9999999871931797
BaselTMA_SP41_25.475kx12.665ky_8000x8500_3_20170905_59_000084_X7Y4_163_a0,739,890,250,250,1.0000000097570827
BaselTMA_SP43_22.8kx15ky_7000x8000_4_20170928_67_483_X5Y5_75_a0,750,755,250,250,1.0000000232645827
ZTMA208_slide_20.73kx15.16ky_7000x7000_6_20171115_171_B08.22993_By6x3_357_a0,313,117,250,250,0.9999999616373424
BaselTMA_SP43_15.9kx19.3ky_10000x5500_10_20170928_86_431_X8Y6_105_a0,36,1134,250,250,0.9999999842265882
ZTMA208_slide_28.23kx15.4ky_7000x7000_4_20171115_20_B08.23393_Ay3x4_177_a0,178,508,250,250,1.00000000282445
BaselTMA_SP43_15.9kx19.3ky_10000x5500_10_20170928_102_465_X8Y7_126_a0,609,775,250,250,1.000000028436077
BaselTMA_SP43_9.9kx19.3ky_6000x5500_11_20170928_109_421_X15Y7_289_a0,397,152,250,250,1.0000000083002967
ZTMA208_slide_20.73kx22.16ky_7000x7000_7_20171115_237_B08.00072_By14x5_382_a0,717,177,250,250,1.000000036643485
BaselTMA_SP41_33.475kx12.66ky_8500x8500_2_20170905_75_000085_X9Y4_240_a0,486,758,250,250,0.9999998920747579
BaselTMA_SP43_22.8kx15ky_7000x8000_4_20170928_54_311_X8Y4_355_a0,651,914,250,250,0.9999999693489025
BaselTMA_SP42_32.8kx13.885ky_7000x8000_5_20179015_53_000160_X6Y2_120_a0,1180,485,250,250,0.9999999625764014
ZTMA208_slide_20.73kx22.16ky_7000x7000_7_20171115_195_B08.48129_By9x3_51_a0,776,694,250,250,1.0000000150581692
ZTMA208_slide_13.25kx14.95ky_7000x7000_8_20171115_319_B08.38569_Cy8x7_502_a0,365,244,250,250,1.000000048029559
ZTMA208_slide_28.23kx15.4ky_7000x7000_4_20171115_51_B09.06468_Ay7x3_420_a0,319,5,250,250,1.0000000591641578
ZTMA208_slide_28.23kx22.4ky_7000x7000_5_20171115_86_B07.23615_Ay11x6_202_a0,397,316,250,250,1.0000000691700126
ZTMA208_slide_36.25kx11.4ky_1000x2500_3_20171115_0_non-breast_Dy2x0_273_a0,69,462,250,250,1.0000000364699047
ZTMA208_slide_20.73kx15.16ky_7000x7000_6_20171115_147_B08.25018_By3x3_171_a0,288,115,250,250,0.9999999982780539
BaselTMA_SP41_15.475kx17.66ky_8000x5000_11_20170905_103_000167_X13Y8_155_a0,230,858,250,250,1.0000000255393309
BaselTMA_SP42_25.78kx19.535ky_7000x7000_12_20179015_79_000342_X10Y8_184_a0,1089,946,250,250,1.0000000286928705
BaselTMA_SP43_16.3kx14.5ky_7000x8000_5_20170928_10_480_X12Y1_298_a0,847,1148,250,250,1.000000040919719
ZTMA208_slide_28.23kx15.4ky_7000x7000_4_20171115_25_B08.01232_Ay4x1_217_a0,249,54,250,250,1.0000000296945837
BaselTMA_SP41_15.475kx12.665ky_10000x8500_5_20170905_128_000046_X16Y4_238_a0,1187,22,250,250,1.000000055124966
BaselTMA_SP43_22.8kx15ky_7000x8000_4_20170928_37_478_X7Y3_232_a0,1262,659,250,250,0.9999999791546467
BaselTMA_SP43_22.8kx15ky_7000x8000_4_20170928_3_228_X5Y1_6_a0,42,740,250,250,1.0000000061103684
ZTMA208_slide_28.23kx15.4ky_7000x7000_4_20171115_31_B04.11513_Ay4x7_257_a0,264,381,250,250,1.000000011919932
ZTMA208_slide_13.25kx14.95ky_7000x7000_8_20171115_273_B08.41856_Cy3x1_173_a0,333,179,250,250,1.000000090343981
BaselTMA_SP41_23.475kx17.66ky_10000x5000_12_20170905_56_000095_X7Y7_108_a0,949,1041,250,250,0.9999999855752263
BaselTMA_SP41_25.475kx12.665ky_8000x8500_3_20170905_60_000056_X7Y3_114_a0,142,836,250,250,1.0000000189589944
ZTMA208_slide_20.73kx22.16ky_7000x7000_7_20171115_202_B08.41771_By10x2_101_a0,157,6,250,250,0.9999999762527276
ZTMA208_slide_28.23kx15.4ky_7000x7000_4_20171115_22_B08.01232_Ay3x6_193_a0,238,568,250,250,1.0000000443336874
BaselTMA_SP42_20.8kx6.8ky_6500x1500_15_20179015_125_000154_X15Y1_175_a0,541,687,250,250,0.9999999824935715
BaselTMA_SP42_19.8kx12.535ky_7000x6500_7_20179015_117_000176_X14Y2_126_a0,913,809,250,250,0.9999999821101515
ZTMA208_slide_28.23kx22.4ky_7000x7000_5_20171115_77_B07.38430_Ay10x5_127_a0,533,425,250,250,1.000000040549891
ZTMA208_slide_13.25kx21.95ky_7000x7000_9_20171115_329_B08.41985_Cy10x1_103_a0,351,558,250,250,1.0000000436196603
BaselTMA_SP41_15.475kx17.66ky_8000x5000_11_20170905_95_000165_X12Y8_142_a0,1042,473,250,250,0.9999999867867276
ZTMA208_slide_28.23kx22.4ky_7000x7000_5_20171115_66_B09.28933_Ay9x2_27_a0,259,364,250,250,1.0000000229400035
ZTMA208_slide_28.23kx15.4ky_7000x7000_4_20171115_32_B08.18756_Ay4x8_265_a0,24,251,250,250,1.0000000095667945
ZTMA208_slide_28.23kx15.4ky_7000x7000_4_20171115_27_B04.11513_Ay4x3_233_a0,298,38,250,250,1.0000000379639957
BaselTMA_SP43_16.3kx14.5ky_7000x8000_5_20170928_23_434_X9Y2_24_a0,86,105,250,250,1.0000000258644401
BaselTMA_SP43_16.3kx14.5ky_7000x8000_5_20170928_57_306_X11Y4_256_a0,1024,797,250,250,1.0000000235289657
BaselTMA_SP42_26.8kx12.885ky_7000x7000_6_20179015_83_000227_X10Y4_172_a0,801,13,250,250,1.000000016754814
ZTMA208_slide_20.73kx22.16ky_7000x7000_7_20171115_221_B06.44223_By12x5_252_a0,596,667,250,250,1.000000003525052
BaselTMA_SP42_19.8kx12.535ky_7000x6500_7_20179015_109_000176_X13Y2_33_a0,314,287,250,250,0.9999999199419543
BaselTMA_SP43_29.3kx15.5ky_7000x8000_3_20170928_64_410_X2Y5_165_a0,922,886,250,250,0.9999999840605791
ZTMA208_slide_20.73kx15.16ky_7000x7000_6_20171115_182_B08.52732_By7x6_446_a0,727,786,250,250,0.9999999860547659
ZTMA208_slide_28.23kx15.4ky_7000x7000_4_20171115_17_B08.23393_Ay3x1_158_a0,481,579,250,250,1.0000000848422919
BaselTMA_SP42_39.025kx22410ky_7000x8500_8_20179015_3_000262_X1Y7_59_a0,1102,585,250,250,1.0000000028619882
ZTMA208_slide_13.25kx14.95ky_7000x7000_8_20171115_274_B08.41856_Cy3x2_181_a0,399,176,250,250,0.9999999923173554
ZTMA208_slide_13.25kx14.95ky_7000x7000_8_20171115_306_B08.10704_Cy7x2_400_a0,711,755,250,250,1.0000000163459077
BaselTMA_SP41_33.475kx17.665ky_8500x5000_13_20170905_4_000048_X1Y6_12_a0,0,655,250,250,1.0000000069312278
ZTMA208_slide_28.23kx15.4ky_7000x7000_4_20171115_39_B09.40012_Ay5x7_323_a0,107,428,250,250,1.0000000211296307
BaselTMA_SP43_25.8kx22ky_10500x6500_8_20170928_83_437_X5Y6_304_a0,1013,236,250,250,1.0000000350383775
BaselTMA_SP41_15.475kx12.665ky_10000x8500_5_20170905_93_000042_X11Y2_89_a0,834,329,250,250,0.9999999820938417
ZTMA208_slide_20.73kx15.16ky_7000x7000_6_20171115_158_B08.08109_By4x6_259_a0,100,470,250,250,0.9999999477660699
ZTMA208_slide_13.25kx14.95ky_7000x7000_8_20171115_308_B08.10704_Cy7x4_416_a0,410,213,250,250,0.9999999285671201
BaselTMA_SP43_16.3kx14.5ky_7000x8000_5_20170928_55_356_X10Y4_153_a0,261,1113,250,250,0.9999999672162939
ZTMA208_slide_28.23kx22.4ky_7000x7000_5_20171115_95_B08.26391_Ay12x7_275_a0,546,491,250,250,1.0000000020326716
BaselTMA_SP41_15.475kx12.665ky_10000x8500_5_20170905_101_000042_X12Y2_104_a0,933,513,250,250,1.0000000654776104
ZTMA208_slide_13.25kx14.95ky_7000x7000_8_20171115_281_B11.06153_Cy4x1_229_a0,20,616,250,250,1.0000000209333855
ZTMA208_slide_13.25kx14.95ky_7000x7000_8_20171115_315_B07.17017_Cy8x3_472_a0,420,20,250,250,0.9999999822003645
BaselTMA_SP42_32.435kx20.41ky_7000x7000_11_20179015_55_000337_X7Y8_278_a0,491,623,250,250,0.9999999540687035
ZTMA208_slide_28.23kx15.4ky_7000x7000_4_20171115_43_B09.49021_Ay6x3_355_a0,22,352,250,250,1.0000000127006394
BaselTMA_SP43_22.8kx15ky_7000x8000_4_20170928_70_488_X8Y5_373_a0,84,613,250,250,1.0000000600715075
BaselTMA_SP42_26.8kx12.885ky_7000x7000_6_20179015_101_000172_X12Y2_316_a0,890,763,250,250,0.9999999506126238
ZTMA208_slide_20.73kx22.16ky_7000x7000_7_20171115_224_B06.44223_By12x8_277_a0,564,252,250,250,1.0000000510864044
ZTMA208_slide_13.25kx21.95ky_7000x7000_9_20171115_334_B08.24635_Cy10x6_147_a0,230,122,250,250,1.000000047077203
ZTMA208_slide_13.25kx21.95ky_7000x7000_9_20171115_369_B08.37798_Cy15x1_425_a0,49,695,250,250,0.999999958907647
ZTMA208_slide_20.73kx22.16ky_7000x7000_7_20171115_234_B08.26390_By14x2_358_a0,530,486,250,250,1.0000000636455677
ZTMA208_slide_13.25kx21.95ky_7000x7000_9_20171115_361_B08.10573_Cy14x1_360_a0,394,463,250,250,0.9999999750659577
ZTMA208_slide_20.73kx15.16ky_7000x7000_6_20171115_139_B08.15680_By2x3_106_a0,370,677,250,250,0.9999999928419331
ZTMA208_slide_20.73kx15.16ky_7000x7000_6_20171115_133_B08.10992_By1x5_68_a0,199,701,250,250,1.0000000210745161
BaselTMA_SP42_39.025kx22410ky_7000x8500_8_20179015_23_000193_X3Y5_251_a0,422,185,250,250,1.000000029550323
BaselTMA_SP41_25.475kx12.665ky_8000x8500_3_20170905_75_000085_X9Y4_185_a0,645,418,250,250,1.000000015337664
BaselTMA_SP42_32.435kx20.41ky_7000x7000_11_20179015_64_000278_X8Y7_343_a0,363,1043,250,250,0.9999999905575679
ZTMA208_slide_20.73kx22.16ky_7000x7000_7_20171115_213_B08.01249_By11x5_188_a0,235,499,250,250,0.9999999860445039
BaselTMA_SP41_25.475kx12.665ky_8000x8500_3_20170905_70_000005_X8Y1_16_a0,639,596,250,250,1.0000000020090216
BaselTMA_SP42_19.78kx19.035ky_6500x7000_13_20179015_111_000352_X14Y8_211_a0,689,151,250,250,0.9999999834019072
ZTMA208_slide_20.73kx22.16ky_7000x7000_7_20171115_228_B08.45764_By13x4_309_a0,301,342,250,250,1.0000000105154971
BaselTMA_SP41_331.8kx19.665ky_10000x2000_15_20170905_10_000171_X2Y9_40_a0,933,53,250,250,0.9999999578429156
ZTMA208_slide_13.25kx14.95ky_7000x7000_8_20171115_290_B08.25184_Cy5x2_269_a0,664,668,250,250,0.9999999959372384
ZTMA208_slide_13.25kx14.95ky_7000x7000_8_20171115_296_B08.46426_Cy5x8_319_a0,156,397,250,250,1.0000000145150492
ZTMA208_slide_28.23kx22.4ky_7000x7000_5_20171115_108_B08.52293_Ay14x4_364_a0,725,582,250,250,0.9999999827170486
ZTMA208_slide_20.73kx22.16ky_7000x7000_7_20171115_204_B08.20491_By10x4_115_a0,578,235,250,250,1.00000000239673
ZTMA208_slide_28.23kx15.4ky_7000x7000_4_20171115_60_B09.21360_Ay8x4_491_a0,441,163,250,250,0.9999999327849647
ZTMA208_slide_13.25kx14.95ky_7000x7000_8_20171115_311_B07.17017_Cy7x7_440_a0,139,429,250,250,0.9999999610862562
ZTMA208_slide_13.25kx14.95ky_7000x7000_8_20171115_299_B08.46426_Cy6x3_343_a0,246,401,250,250,1.0000000060709753
ZTMA208_slide_20.73kx15.16ky_7000x7000_6_20171115_192_B11.11390_By8x8_507_a0,595,149,250,250,0.9999999545833573
ZTMA208_slide_28.23kx22.4ky_7000x7000_5_20171115_105_B04.15847_Ay14x1_340_a0,209,472,250,250,0.9999999980571871
BaselTMA_SP42_39.8kx13.885ky_7000x7000_2_20179015_15_000210_X2Y4_141_a0,139,86,250,250,0.9999999393760107
BaselTMA_SP42_39.8kx13.885ky_7000x7000_2_20179015_8_000157_X1Y2_24_a0,345,902,250,250,1.0000000182664852
ZTMA208_slide_28.23kx22.4ky_7000x7000_5_20171115_65_B09.28933_Ay9x1_9_a0,116,228,250,250,1.000000008381221
BaselTMA_SP43_10.3kx13.7ky_6500x8000_6_20170928_75_358_X13Y5_81_a0,901,885,250,250,1.0000000526790844
BaselTMA_SP43_22.8kx15ky_7000x8000_4_20170928_5_481_X7Y1_189_a0,407,778,250,250,0.999999993686181
BaselTMA_SP42_19.78kx19.035ky_6500x7000_13_20179015_121_000230_X15Y5_235_a0,329,1022,250,250,1.0000000144055037
BaselTMA_SP41_15.475kx12.665ky_10000x8500_5_20170905_102_000011_X12Y1_18_a0,315,205,250,250,1.0000000795358408
ZTMA208_slide_20.73kx15.16ky_7000x7000_6_20171115_174_B04.15882_By6x6_381_a0,227,290,250,250,1.000000043114805
ZTMA208_slide_20.73kx22.16ky_7000x7000_7_20171115_220_B06.44223_By12x4_244_a0,632,151,250,250,1.0000000415003807
BaselTMA_SP42_19.8kx12.535ky_7000x6500_7_20179015_130_000206_X16Y3_296_a0,152,613,250,250,0.9999999625110547
BaselTMA_SP43_10.3kx13.7ky_6500x8000_6_20170928_14_334_X16Y1_301_a0,390,555,250,250,0.9999999905355301
BaselTMA_SP42_39.025kx22410ky_7000x8500_8_20179015_20_000314_X3Y8_322_a0,1109,135,250,250,1.0000000214661093
ZTMA208_slide_20.73kx22.16ky_7000x7000_7_20171115_250_B08.44927_By16x2_487_a0,108,518,250,250,1.0000000350028728
BaselTMA_SP42_19.8kx12.535ky_7000x6500_7_20179015_131_000177_X16Y2_272_a0,282,70,250,250,1.0000000323910867
ZTMA208_slide_20.73kx15.16ky_7000x7000_6_20171115_165_B05.42990_By5x5_308_a0,643,461,250,250,1.000000018496552
BaselTMA_SP43_29.3kx15.5ky_7000x8000_3_20170928_2_403_X4Y1_292_a0,83,845,250,250,1.0000000287929223
ZTMA208_slide_13.25kx21.95ky_7000x7000_9_20171115_332_B08.24635_Cy10x4_131_a0,74,555,250,250,1.0000000613856752
ZTMA208_slide_13.25kx21.95ky_7000x7000_9_20171115_321_B07.29413_Cy9x1_21_a0,508,35,250,250,1.000000068575612
ZTMA208_slide_13.25kx14.95ky_7000x7000_8_20171115_303_B08.19722_Cy6x7_375_a0,21,344,250,250,0.9999999734912663
BaselTMA_SP43_29.3kx15.5ky_7000x8000_3_20170928_47_308_X1Y4_51_a0,320,1207,250,250,1.0000000162412035
BaselTMA_SP41_15.475kx12.665ky_10000x8500_5_20170905_123_000072_X15Y3_203_a0,690,1012,250,250,0.9999999684225755
ZTMA208_slide_13.25kx14.95ky_7000x7000_8_20171115_276_B08.44245_Cy3x4_197_a0,76,30,250,250,1.0000000691798645
ZTMA208_slide_13.25kx21.95ky_7000x7000_9_20171115_352_B08.03449_Cy12x8_287_a0,607,364,250,250,0.9999999613759772
ZTMA208_slide_13.25kx21.95ky_7000x7000_9_20171115_340_B08.39680_Cy11x4_198_a0,639,219,250,250,1.0000000012823604
BaselTMA_SP41_15.475kx12.665ky_10000x8500_5_20170905_128_000046_X16Y5_254_a0,776,921,250,250,0.9999999844132088
ZTMA208_slide_13.25kx14.95ky_7000x7000_8_20171115_275_B08.41856_Cy3x3_189_a0,224,44,250,250,1.0000000343916253
BaselTMA_SP43_15.9kx19.3ky_10000x5500_10_20170928_121_312_X11Y8_328_a0,149,1223,250,250,1.0000000430252354
BaselTMA_SP43_22.8kx15ky_7000x8000_4_20170928_6_481_X8Y1_295_a0,768,256,250,250,0.9999999869776204
BaselTMA_SP41_33.475kx17.665ky_8500x5000_13_20170905_38_000149_X5Y8_181_a0,484,331,250,250,0.9999999896930665
BaselTMA_SP42_25.78kx19.535ky_7000x7000_12_20179015_87_000343_X11Y8_281_a0,1445,1063,250,250,0.9999999781703044
BaselTMA_SP41_331.8kx19.665ky_10000x2000_15_20170905_37_000180_X5Y9_83_a0,308,964,250,250,1.0000000550867858
BaselTMA_SP42_39.025kx22410ky_7000x8500_8_20179015_31_000220_X4Y6_361_a0,467,184,250,250,0.9999999949096048
ZTMA208_slide_20.73kx15.16ky_7000x7000_6_20171115_166_B05.42990_By5x6_317_a0,302,68,250,250,0.9999999530076931
ZTMA208_slide_20.73kx15.16ky_7000x7000_6_20171115_140_B08.15680_By2x4_114_a0,847,60,250,250,1.0000000180819328
BaselTMA_SP43_25.8kx22ky_10500x6500_8_20170928_84_433_X6Y6_364_a0,494,252,250,250,0.9999999359913282
ZTMA208_slide_20.73kx15.16ky_7000x7000_6_20171115_146_B08.25018_By3x2_163_a0,466,656,250,250,1.0000000264469384
BaselTMA_SP41_33.475kx12.66ky_8500x8500_2_20170905_42_000082_X5Y4_221_a0,845,853,250,250,0.9999999354390726
BaselTMA_SP43_15.9kx19.3ky_10000x5500_10_20170928_88_452_X10Y6_222_a0,18,571,250,250,1.0000000140928755
BaselTMA_SP41_15.475kx12.665ky_10000x8500_5_20170905_128_000046_X16Y4_237_a0,217,176,250,250,0.999999974817592
BaselTMA_SP43_16.3kx14.5ky_7000x8000_5_20170928_73_490_X11Y5_277_a0,27,1045,250,250,0.9999999709059441
BaselTMA_SP42_19.8kx12.535ky_7000x6500_7_20179015_108_000202_X13Y3_56_a0,223,1148,250,250,0.9999999618075174
BaselTMA_SP43_10.3kx13.7ky_6500x8000_6_20170928_77_443_X15Y5_280_a0,983,696,250,250,1.000000094032304
BaselTMA_SP41_33.475kx12.66ky_8500x8500_2_20170905_24_000079_X3Y4_207_a0,617,565,250,250,0.9999999739170599
ZTMA208_slide_28.23kx15.4ky_7000x7000_4_20171115_61_B09.21360_Ay8x5_498_a0,2,688,250,250,0.9999999779797031
BaselTMA_SP42_39.025kx22410ky_7000x8500_8_20179015_30_000271_X4Y7_364_a0,73,769,250,250,0.999999990726783
ZTMA208_slide_28.23kx15.4ky_7000x7000_4_20171115_46_B09.49021_Ay6x6_379_a0,575,612,250,250,0.9999999809151919
ZTMA208_slide_13.25kx14.95ky_7000x7000_8_20171115_284_B11.06153_Cy4x4_253_a0,643,627,250,250,1.0000000459144467
ZTMA208_slide_13.25kx14.95ky_7000x7000_8_20171115_294_B98.21413_Cy5x6_302_a0,42,414,250,250,0.99999995865134
ZTMA208_slide_28.23kx15.4ky_7000x7000_4_20171115_52_B09.56719_Ay7x4_428_a0,400,238,250,250,0.9999999885968806
BaselTMA_SP42_32.8kx13.885ky_7000x8000_5_20179015_52_000186_X6Y3_145_a0,678,611,250,250,1.0000000071671986
BaselTMA_SP41_33.475kx12.66ky_8500x8500_2_20170905_17_000024_X2Y2_85_a0,639,1180,250,250,1.000000000856095
ZTMA208_slide_20.73kx15.16ky_7000x7000_6_20171115_168_B08.22993_By5x8_333_a0,323,333,250,250,0.9999999468674203
BaselTMA_SP42_32.8kx13.885ky_7000x8000_5_20179015_68_000187_X8Y3_290_a0,278,404,250,250,0.9999999973116717
ZTMA208_slide_13.25kx14.95ky_7000x7000_8_20171115_267_B08.51226_Cy2x3_116_a0,625,311,250,250,0.9999999997340935
BaselTMA_SP41_33.475kx17.665ky_8500x5000_13_20170905_22_000052_X3Y6_38_a0,459,892,250,250,0.9999999964322396
BaselTMA_SP41_25.475kx12.665ky_8000x8500_3_20170905_85_000040_X10Y2_101_a0,335,110,250,250,0.9999999984295332
BaselTMA_SP42_32.8kx13.885ky_7000x8000_5_20179015_51_000215_X6Y4_169_a0,100,170,250,250,1.000000053443248
BaselTMA_SP41_331.8kx19.665ky_10000x2000_15_20170905_46_000185_X6Y9_97_a0,26,282,250,250,1.0000000017254105
ZTMA208_slide_28.23kx22.4ky_7000x7000_5_20171115_103_B04.15847_Ay13x7_324_a0,712,243,250,250,0.9999999693247381
ZTMA208_slide_20.73kx15.16ky_7000x7000_6_20171115_173_B04.15882_By6x5_373_a0,27,611,250,250,1.0000000306502843
ZTMA208_slide_20.73kx22.16ky_7000x7000_7_20171115_222_B06.44223_By12x6_260_a0,242,182,250,250,1.000000043509021
BaselTMA_SP41_15.475kx12.665ky_10000x8500_5_20170905_100_000058_X12Y3_177_a0,301,32,250,250,1.0000000098256474
BaselTMA_SP43_9.9kx19.3ky_6000x5500_11_20170928_107_318_X13Y7_108_a0,726,45,250,250,0.9999999510945774
ZTMA208_slide_28.23kx15.4ky_7000x7000_4_20171115_4_B08.16914_Ay1x4_58_a0,154,562,250,250,0.9999999932806583
ZTMA208_slide_28.23kx15.4ky_7000x7000_4_20171115_1_B08.16914_Ay1x1_6_a0,371,707,250,250,0.999999958215102
BaselTMA_SP41_15.475kx12.665ky_10000x8500_5_20170905_92_000058_X11Y3_165_a0,506,1068,250,250,0.9999999848189495
BaselTMA_SP41_33.475kx17.665ky_8500x5000_13_20170905_13_000049_X2Y6_24_a0,340,999,250,250,1.0000000288925557
ZTMA208_slide_20.73kx15.16ky_7000x7000_6_20171115_130_B08.10992_By1x2_30_a0,137,421,250,250,0.9999999653550826
BaselTMA_SP43_25.8kx22ky_10500x6500_8_20170928_129_508_X5Y9_346_a0,1287,1280,250,250,0.9999999867428211
ZTMA208_slide_28.23kx22.4ky_7000x7000_5_20171115_107_B04.15847_Ay14x3_356_a0,504,674,250,250,1.0000000425009399
BaselTMA_SP42_25.78kx19.535ky_7000x7000_12_20179015_72_000283_X9Y7_65_a0,1276,1133,250,250,0.999999964076489
ZTMA208_slide_20.73kx15.16ky_7000x7000_6_20171115_175_B04.15882_By6x7_390_a0,634,70,250,250,1.000000023603799
ZTMA208_slide_13.25kx21.95ky_7000x7000_9_20171115_363_B08.22885_Cy14x3_376_a0,19,518,250,250,0.9999999920350487
BaselTMA_SP42_39.8kx13.885ky_7000x7000_2_20179015_33_000212_X4Y4_334_a0,489,317,250,250,0.9999999047995314
ZTMA208_slide_13.25kx14.95ky_7000x7000_8_20171115_259_B08.28294_Cy1x3_54_a0,317,385,250,250,1.0000000301105927
ZTMA208_slide_13.25kx21.95ky_7000x7000_9_20171115_338_B08.39680_Cy11x2_182_a0,39,257,250,250,1.0000000155101756
ZTMA208_slide_13.25kx21.95ky_7000x7000_9_20171115_360_B08.10573_Cy13x8_352_a0,168,582,250,250,0.9999999853013021
BaselTMA_SP41_15.475kx12.665ky_10000x8500_5_20170905_131_000047_X16Y2_153_a0,294,1014,250,250,0.9999999703761202
BaselTMA_SP43_25.8kx22ky_10500x6500_8_20170928_125_500_X1Y9_63_a0,996,641,250,250,0.9999999873852264
ZTMA208_slide_28.23kx15.4ky_7000x7000_4_20171115_14_B07.27844_Ay2x6_134_a0,137,187,250,250,1.0000000222969438
ZTMA208_slide_28.23kx15.4ky_7000x7000_4_20171115_47_B09.06468_Ay6x7_387_a0,124,285,250,250,0.9999999870740268
ZTMA208_slide_13.25kx14.95ky_7000x7000_8_20171115_272_B08.41856_Cy2x8_165_a0,374,495,250,250,0.9999999891149113
BaselTMA_SP42_32.435kx20.41ky_7000x7000_11_20179015_63_000339_X8Y8_355_a0,482,176,250,250,1.0000000066656047
BaselTMA_SP43_25.8kx22ky_10500x6500_8_20170928_96_467_X2Y7_102_a0,293,1175,250,250,0.999999989033673
ZTMA208_slide_13.25kx14.95ky_7000x7000_8_20171115_262_B08.26270_Cy1x6_78_a0,222,496,250,250,1.0000000716694182
ZTMA208_slide_13.25kx21.95ky_7000x7000_9_20171115_330_B08.41985_Cy10x2_109_a0,639,316,250,250,0.999999993263477
BaselTMA_SP42_39.8kx13.885ky_7000x7000_2_20179015_6_000210_X1Y4_68_a0,923,842,250,250,0.9999999861288236
ZTMA208_slide_13.25kx14.95ky_7000x7000_8_20171115_310_B08.10704_Cy7x6_432_a0,660,675,250,250,1.0000000892131837
ZTMA208_slide_28.23kx22.4ky_7000x7000_5_20171115_90_B07.40530_Ay12x2_234_a0,336,525,250,250,0.9999999693918564
BaselTMA_SP43_22.8kx15ky_7000x8000_4_20170928_68_504_X6Y5_168_a0,654,498,250,250,0.9999999075077504
BaselTMA_SP43_16.3kx14.5ky_7000x8000_5_20170928_71_479_X9Y5_78_a0,915,954,250,250,0.9999999921437062
ZTMA208_slide_28.23kx15.4ky_7000x7000_4_20171115_49_B09.06468_Ay7x1_404_a0,493,2,250,250,0.9999999507920669
ZTMA208_slide_20.73kx22.16ky_7000x7000_7_20171115_210_B08.01249_By11x2_164_a0,62,462,250,250,0.9999999969097167
BaselTMA_SP42_39.8kx13.885ky_7000x7000_2_20179015_36_000031_X4Y1_263_a0,381,136,250,250,0.9999999765176446
BaselTMA_SP42_25.78kx19.535ky_7000x7000_12_20179015_82_000205_X10Y5_110_a0,448,593,250,250,0.999999987867138
ZTMA208_slide_28.23kx22.4ky_7000x7000_5_20171115_74_B07.43001_Ay10x2_105_a0,699,590,250,250,0.9999999640297996
ZTMA208_slide_20.73kx22.16ky_7000x7000_7_20171115_244_B08.40964_By15x4_439_a0,306,709,250,250,0.999999974557861
ZTMA208_slide_20.73kx22.16ky_7000x7000_7_20171115_209_B08.01249_By11x1_153_a0,395,98,250,250,1.00000000080572
BaselTMA_SP43_22.8kx15ky_7000x8000_4_20170928_4_228_X6Y1_93_a0,179,77,250,250,1.0000000039415
ZTMA208_slide_28.23kx22.4ky_7000x7000_5_20171115_104_B04.15847_Ay13x8_332_a0,34,52,250,250,1.0000000103433337
ZTMA208_slide_13.25kx21.95ky_7000x7000_9_20171115_374_control_Cy15x6_465_a0,295,734,250,250,1.000000082963782
BaselTMA_SP42_32.8kx13.885ky_7000x8000_5_20179015_67_000216_X8Y4_313_a0,372,702,250,250,1.000000019737728
ZTMA208_slide_13.25kx14.95ky_7000x7000_8_20171115_302_B08.19722_Cy6x6_367_a0,529,195,250,250,1.0000001194044557
BaselTMA_SP41_25.475kx12.665ky_8000x8500_3_20170905_58_000021_X7Y5_209_a0,153,367,250,250,1.0000000012261947
ZTMA208_slide_20.73kx15.16ky_7000x7000_6_20171115_162_B08.08109_By5x2_284_a0,640,511,250,250,0.9999999933307924
ZTMA208_slide_13.25kx14.95ky_7000x7000_8_20171115_279_B08.44245_Cy3x7_221_a0,740,214,250,250,1.0000000005717935
ZTMA208_slide_28.23kx15.4ky_7000x7000_4_20171115_21_B08.23393_Ay3x5_185_a0,171,482,250,250,1.0000000049384403
ZTMA208_slide_28.23kx15.4ky_7000x7000_4_20171115_54_B09.56719_Ay7x6_444_a0,374,801,250,250,0.9999999631456866
BaselTMA_SP43_16.3kx14.5ky_7000x8000_5_20170928_25_448_X11Y2_213_a0,757,936,250,250,0.9999999623756424
BaselTMA_SP43_29.3kx15.5ky_7000x8000_3_20170928_18_326_X4Y2_313_a0,1007,752,250,250,1.0000000014928656
BaselTMA_SP41_33.475kx12.66ky_8500x8500_2_20170912_7_000050_X1Y3_258_a0,971,310,250,250,0.9999999452404971
ZTMA208_slide_28.23kx15.4ky_7000x7000_4_20171115_57_B09.21360_Ay8x1_468_a0,521,47,250,250,1.000000060952139
ZTMA208_slide_13.25kx21.95ky_7000x7000_9_20171115_335_B08.24635_Cy10x7_155_a0,437,47,250,250,1.0000000179465196
ZTMA208_slide_20.73kx22.16ky_7000x7000_7_20171115_239_B08.00072_By14x7_399_a0,294,289,250,250,1.0000000312795063
BaselTMA_SP42_19.78kx19.035ky_6500x7000_13_20179015_104_000298_X13Y7_89_a0,1139,890,250,250,1.000000021194683
ZTMA208_slide_36.25kx11.4ky_1000x2500_3_20171115_0_non-breast_Dy3x0_521_a0,289,553,250,250,1.000000016480906
ZTMA208_slide_13.25kx14.95ky_7000x7000_8_20171115_305_B08.19722_Cy7x1_392_a0,121,445,250,250,1.0000000011873968
BaselTMA_SP43_10.3kx13.7ky_6500x8000_6_20170928_30_470_X16Y2_322_a0,1216,99,250,250,1.000000055397151
ZTMA208_slide_13.25kx21.95ky_7000x7000_9_20171115_356_B08.03449_Cy13x4_320_a0,517,251,250,250,1.0000000282144195
ZTMA208_slide_13.25kx14.95ky_7000x7000_8_20171115_269_B08.51226_Cy2x5_138_a0,794,37,250,250,1.0000000239505062
BaselTMA_SP41_25.475kx12.665ky_8000x8500_3_20170905_83_000085_X10Y4_193_a0,536,966,250,250,1.0000000036004317
ZTMA208_slide_20.73kx15.16ky_7000x7000_6_20171115_188_B11.113903_By8x4_478_a0,602,129,250,250,0.9999999521724643
BaselTMA_SP42_19.78kx19.035ky_6500x7000_13_20179015_119_000301_X15Y7_284_a0,270,998,250,250,0.9999999541343855
ZTMA208_slide_13.25kx21.95ky_7000x7000_9_20171115_345_B09.03289_Cy12x1_238_a0,576,68,250,250,0.9999999513219492
BaselTMA_SP43_16.3kx14.5ky_7000x8000_5_20170928_8_487_X10Y1_96_a0,933,722,250,250,0.9999999276150942
BaselTMA_SP43_10.3kx13.7ky_6500x8000_6_20170928_76_363_X14Y5_174_a0,503,180,250,250,1.0000000177774795
ZTMA208_slide_28.23kx15.4ky_7000x7000_4_20171115_36_B08.18757_Ay5x4_298_a0,129,143,250,250,0.9999999499456587
BaselTMA_SP41_15.475kx12.665ky_10000x8500_5_20170905_114_000038_X14Y5_250_a0,733,505,250,250,0.9999999564639795
BaselTMA_SP42_32.435kx20.41ky_7000x7000_11_20179015_66_000208_X8Y5_302_a0,355,14,250,250,0.9999999992693728
ZTMA208_slide_20.73kx15.16ky_7000x7000_6_20171115_167_B05.42990_By5x7_325_a0,516,562,250,250,1.0000000972097176
ZTMA208_slide_20.73kx15.16ky_7000x7000_6_20171115_163_B05.42990_By5x3_292_a0,466,413,250,250,1.0000000047916924
ZTMA208_slide_13.25kx14.95ky_7000x7000_8_20171115_295_B98.21413_Cy5x7_310_a0,85,699,250,250,1.0000000068686352
BaselTMA_SP43_25.8kx22ky_10500x6500_8_20170928_100_455_X6Y7_382_a0,1149,1093,250,250,1.0000000131163012
ZTMA208_slide_28.23kx22.4ky_7000x7000_5_20171115_116_B09.00720_Ay15x4_413_a0,361,253,250,250,1.0000000393763462
BaselTMA_SP43_15.9kx19.3ky_10000x5500_10_20170928_117_365_X7Y8_87_a0,1348,833,250,250,1.0000000068388646
ZTMA208_slide_28.23kx15.4ky_7000x7000_4_20171115_16_B07.27844_Ay2x8_150_a0,372,448,250,250,1.0000000492831715
ZTMA208_slide_13.25kx21.95ky_7000x7000_9_20171115_346_B09.03289_Cy12x2_246_a0,2,25,250,250,1.0000000268762286
ZTMA208_slide_28.23kx22.4ky_7000x7000_5_20171115_121_B08.11687_Ay16x1_453_a0,303,215,250,250,1.0000000300696428
BaselTMA_SP42_25.78kx19.535ky_7000x7000_12_20179015_74_000207_X9Y5_18_a0,269,988,250,250,1.000000013050541
BaselTMA_SP43_29.3kx15.5ky_7000x8000_3_20170928_17_326_X3Y2_207_a0,832,1114,250,250,1.000000011608387
ZTMA208_slide_13.25kx14.95ky_7000x7000_8_20171115_257_B08.28294_Cy1x1_18_a0,75,301,250,250,1.0000000843581491
BaselTMA_SP41_23.475kx17.66ky_10000x5000_12_20170905_65_000065_X8Y6_36_a0,246,149,250,250,0.9999999963481991
BaselTMA_SP41_23.475kx17.66ky_10000x5000_12_20170905_47_000150_X6Y8_169_a0,694,651,250,250,1.0000000032319873
ZTMA208_slide_20.73kx15.16ky_7000x7000_6_20171115_137_B08.15680_By2x1_92_a0,238,87,250,250,0.9999999440409018
BaselTMA_SP41_33.475kx12.66ky_8500x8500_2_20170905_35_000028_X4Y2_112_a0,1359,663,250,250,0.9999999724130801
ZTMA208_slide_20.73kx22.16ky_7000x7000_7_20171115_223_B06.44223_By12x7_268_a0,749,468,250,250,1.0000000454276192
BaselTMA_SP43_15.9kx19.3ky_10000x5500_10_20170928_104_44_X10Y7_244_a0,409,490,250,250,1.0000000159630513
BaselTMA_SP41_33.475kx12.66ky_8500x8500_2_20170905_15_000077_X2Y4_199_a0,992,320,250,250,1.000000001355151
ZTMA208_slide_28.23kx22.4ky_7000x7000_5_20171115_123_B08.11687_Ay16x3_469_a0,305,698,250,250,0.9999999742670214
BaselTMA_SP41_33.475kx17.665ky_8500x5000_13_20170905_31_000055_X4Y6_52_a0,898,598,250,250,0.9999999973225346
ZTMA208_slide_28.23kx22.4ky_7000x7000_5_20171115_80_B07.38430_Ay10x8_151_a0,370,83,250,250,1.0000000493253
ZTMA208_slide_13.25kx14.95ky_7000x7000_8_20171115_258_B08.28294_Cy1x2_36_a0,533,446,250,250,0.9999999960855797
BaselTMA_SP42_26.8kx12.885ky_7000x7000_6_20179015_94_000136_X11Y1_196_a0,655,256,250,250,1.0000000246595788
BaselTMA_SP42_32.435kx20.41ky_7000x7000_11_20179015_41_000213_X5Y5_15_a0,788,759,250,250,0.9999999567130955
ZTMA208_slide_13.25kx14.95ky_7000x7000_8_20171115_266_B08.51226_Cy2x2_108_a0,181,327,250,250,0.999999982418421
ZTMA208_slide_13.25kx21.95ky_7000x7000_9_20171115_359_B08.10573_Cy13x7_344_a0,555,199,250,250,1.0000000046639288
ZTMA208_slide_20.73kx15.16ky_7000x7000_6_20171115_169_B08.22993_By6x1_341_a0,181,435,250,250,1.0000000519694756
ZTMA208_slide_28.23kx22.4ky_7000x7000_5_20171115_71_B09.40686_Ay9x7_83_a0,437,558,250,250,1.0000000391340569
BaselTMA_SP41_25.475kx12.665ky_8000x8500_3_20170905_66_000025_X8Y5_217_a0,1086,890,250,250,0.9999999535858055
ZTMA208_slide_28.23kx22.4ky_7000x7000_5_20171115_106_B04.15847_Ay14x2_348_a0,656,145,250,250,0.9999999718030395
ZTMA208_slide_28.23kx22.4ky_7000x7000_5_20171115_122_B08.11687_Ay16x2_461_a0,625,86,250,250,0.9999999950586069
ZTMA208_slide_28.23kx22.4ky_7000x7000_5_20171115_78_B07.38430_Ay10x6_135_a0,504,454,250,250,1.0000000247850989
BaselTMA_SP41_23.475kx17.66ky_10000x5000_12_20170905_87_000163_X11Y8_213_a0,468,988,250,250,1.0000000357028007
ZTMA208_slide_20.73kx22.16ky_7000x7000_7_20171115_248_B08.42299_By15x8_471_a0,518,427,250,250,1.0000000060592593
ZTMA208_slide_28.23kx22.4ky_7000x7000_5_20171115_111_B08.52293_Ay14x7_388_a0,300,333,250,250,0.9999999857840516
BaselTMA_SP41_15.475kx17.66ky_8000x5000_11_20170905_120_000075_X15Y6_48_a0,682,714,250,250,0.9999999868421784
BaselTMA_SP42_32.8kx13.885ky_7000x8000_5_20179015_42_000215_X5Y4_71_a0,39,121,250,250,0.9999999734679329
BaselTMA_SP43_15.9kx19.3ky_10000x5500_10_20170928_89_450_X11Y6_286_a0,949,100,250,250,0.9999999868967978
BaselTMA_SP43_16.3kx14.5ky_7000x8000_5_20170928_26_448_X12Y2_319_a0,709,829,250,250,1.0000000122722514
ZTMA208_slide_20.73kx22.16ky_7000x7000_7_20171115_242_B08.40964_By15x2_423_a0,560,63,250,250,0.9999999587590039
ZTMA208_slide_20.73kx15.16ky_7000x7000_6_20171115_164_B05.42990_By5x4_300_a0,449,451,250,250,0.9999999409251479
BaselTMA_SP41_25.475kx12.665ky_8000x8500_3_20170905_61_000034_X7Y2_72_a0,158,902,250,250,0.9999999988915619
BaselTMA_SP42_19.78kx19.035ky_6500x7000_13_20179015_103_000349_X13Y8_114_a0,658,807,250,250,0.9999999979029555
BaselTMA_SP42_25.78kx19.535ky_7000x7000_12_20179015_88_000288_X11Y7_257_a0,117,233,250,250,0.9999999781465663
BaselTMA_SP41_33.475kx12.66ky_8500x8500_2_20170905_16_000050_X2Y3_148_a0,98,46,250,250,1.0000000372280522
BaselTMA_SP41_25.475kx12.665ky_8000x8500_3_20170905_91_000086_X11Y4_201_a0,186,618,250,250,1.0000000482952556
BaselTMA_SP43_29.3kx15.5ky_7000x8000_3_20170928_50_494_X4Y4_352_a0,822,649,250,250,1.0000000076000708
BaselTMA_SP43_9.9kx19.3ky_6000x5500_11_20170928_92_446_X14Y6_204_a0,451,932,250,250,1.0000000039471437
ZTMA208_slide_28.23kx22.4ky_7000x7000_5_20171115_88_B07.40530_Ay11x8_218_a0,253,319,250,250,0.9999999858994061
BaselTMA_SP41_33.475kx17.665ky_8500x5000_13_20170905_3_000078_X1Y7_81_a0,237,817,250,250,1.0000000405725928
ZTMA208_slide_13.25kx21.95ky_7000x7000_9_20171115_324_B07.29413_Cy9x4_63_a0,501,599,250,250,0.9999999971792723
BaselTMA_SP41_25.475kx12.665ky_8000x8500_3_20170905_69_000034_X8Y2_87_a0,933,259,250,250,1.0000000757039897
BaselTMA_SP41_15.475kx12.665ky_10000x8500_5_20170905_90_000029_X11Y5_242_a0,130,653,250,250,0.9999999801007473
ZTMA208_slide_28.23kx15.4ky_7000x7000_4_20171115_38_B09.40012_Ay5x6_315_a0,714,805,250,250,1.0000000420217416
BaselTMA_SP43_16.3kx14.5ky_7000x8000_5_20170928_9_480_X11Y1_192_a0,91,256,250,250,1.0000000404702005
ZTMA208_slide_20.73kx22.16ky_7000x7000_7_20171115_201_B08.41771_By10x1_93_a0,326,15,250,250,0.9999999304467952
BaselTMA_SP42_25.78kx19.535ky_7000x7000_12_20179015_81_000238_X10Y6_135_a0,885,679,250,250,1.000000033792257
BaselTMA_SP43_10.3kx13.7ky_6500x8000_6_20170928_46_353_X16Y3_343_a0,209,1143,250,250,1.0000000455275133
BaselTMA_SP42_25.78kx19.535ky_7000x7000_12_20179015_97_000234_X12Y6_328_a0,773,589,250,250,1.0000000494887316
BaselTMA_SP41_23.475kx17.66ky_10000x5000_12_20170905_63_000152_X8Y8_189_a0,357,1084,250,250,0.9999999591259824
BaselTMA_SP42_39.025kx22410ky_7000x8500_8_20179015_32_000214_X4Y5_352_a0,291,453,250,250,0.9999999707730319
ZTMA208_slide_20.73kx22.16ky_7000x7000_7_20171115_240_B08.40964_By14x8_407_a0,411,35,250,250,0.9999999606899121
ZTMA208_slide_20.73kx15.16ky_7000x7000_6_20171115_156_B08.12871_By4x4_243_a0,107,244,250,250,0.999999970632496
ZTMA208_slide_28.23kx22.4ky_7000x7000_5_20171115_125_B99.32769_Ay16x5_485_a0,474,656,250,250,0.9999999622172587
ZTMA208_slide_13.25kx14.95ky_7000x7000_8_20171115_270_B08.51226_Cy2x6_146_a0,333,160,250,250,1.0000000646552933
ZTMA208_slide_20.73kx22.16ky_7000x7000_7_20171115_211_B08.01249_By11x3_172_a0,174,87,250,250,1.0000000426057307
BaselTMA_SP43_22.8kx15ky_7000x8000_4_20170928_38_478_X8Y3_337_a0,243,51,250,250,1.0000000851806377
ZTMA208_slide_28.23kx15.4ky_7000x7000_4_20171115_34_B08.18756_Ay5x2_282_a0,290,239,250,250,1.0000000376610638
ZTMA208_slide_20.73kx15.16ky_7000x7000_6_20171115_187_B08.50753_By8x3_470_a0,491,134,250,250,1.0000000020826176
BaselTMA_SP43_25.8kx22ky_10500x6500_8_20170928_116_498_X6Y8_388_a0,545,1298,250,250,1.0000000473331778
BaselTMA_SP43_16.3kx14.5ky_7000x8000_5_20170928_74_333_X12Y5_376_a0,116,299,250,250,0.9999999935576962
BaselTMA_SP43_29.3kx15.5ky_7000x8000_3_20170928_34_472_X4Y3_334_a0,1395,831,250,250,0.9999999817134074
ZTMA208_slide_28.23kx15.4ky_7000x7000_4_20171115_9_B08.50869_Ay2x1_98_a0,421,68,250,250,1.000000053457155
BaselTMA_SP43_29.3kx15.5ky_7000x8000_3_20170928_63_397_X1Y5_72_a0,415,1010,250,250,0.9999999966142542
BaselTMA_SP42_32.8kx13.885ky_7000x8000_5_20179015_61_000161_X7Y2_217_a0,525,187,250,250,1.0000000259871922
ZTMA208_slide_20.73kx22.16ky_7000x7000_7_20171115_238_B08.00072_By14x6_391_a0,476,158,250,250,1.0000000319849303
ZTMA208_slide_20.73kx15.16ky_7000x7000_6_20171115_155_B08.12871_By4x3_235_a0,92,548,250,250,0.9999999863218313
BaselTMA_SP42_39.025kx22410ky_7000x8500_8_20179015_14_000033_X2Y5_129_a0,35,929,250,250,1.0000000046984676
ZTMA208_slide_13.25kx21.95ky_7000x7000_9_20171115_337_B08.39680_Cy11x1_174_a0,594,458,250,250,1.0000000317269238
ZTMA208_slide_28.23kx15.4ky_7000x7000_4_20171115_62_B09.28933_Ay8x6_505_a0,260,207,250,250,0.9999999901490955
BaselTMA_SP42_19.8kx12.535ky_7000x6500_7_20179015_124_000177_X15Y2_199_a0,671,189,250,250,0.9999999650395305
ZTMA208_slide_28.23kx15.4ky_7000x7000_4_20171115_3_B08.16914_Ay1x3_42_a0,514,347,250,250,1.0000000513795884
BaselTMA_SP41_25.475kx12.665ky_8000x8500_3_20170905_77_000040_X9Y3_126_a0,1049,478,250,250,1.0000000235625988
ZTMA208_slide_20.73kx22.16ky_7000x7000_7_20171115_225_B08.45764_By13x1_285_a0,111,633,250,250,0.999999936414562
ZTMA208_slide_20.73kx15.16ky_7000x7000_6_20171115_176_B04.15882_By6x8_398_a0,283,693,250,250,0.9999999396782652
ZTMA208_slide_20.73kx22.16ky_7000x7000_7_20171115_196_B08.48129_By9x4_61_a0,116,308,250,250,0.999999960434909
ZTMA208_slide_20.73kx15.16ky_7000x7000_6_20171115_138_B08.15680_By2x2_100_a0,390,431,250,250,1.0000000306086805
ZTMA208_slide_13.25kx21.95ky_7000x7000_9_20171115_344_B09.03289_Cy11x8_230_a0,686,501,250,250,0.9999999475249144
BaselTMA_SP42_39.025kx22410ky_7000x8500_8_20179015_1_000357_X1Y9_104_a0,705,485,250,250,0.9999999857958681
BaselTMA_SP41_15.475kx17.66ky_8000x5000_11_20170905_96_000102_X12Y7_76_a0,782,547,250,250,0.9999999421940693
BaselTMA_SP42_39.025kx22410ky_7000x8500_8_20179015_13_000224_X2Y6_154_a0,1105,538,250,250,0.9999999892309397
BaselTMA_SP42_39.025kx22410ky_7000x8500_8_20179015_12_000264_X2Y7_178_a0,125,1112,250,250,0.9999999858045712
BaselTMA_SP41_15.475kx12.665ky_10000x8500_5_20170905_116_000059_X14Y3_195_a0,728,817,250,250,1.0000000743624409
ZTMA208_slide_13.25kx21.95ky_7000x7000_9_20171115_343_B09.03289_Cy11x7_222_a0,563,131,250,250,1.0000000181341624
ZTMA208_slide_20.73kx22.16ky_7000x7000_7_20171115_193_B08.48129_By9x1_15_a0,496,8,250,250,0.99999998630186
BaselTMA_SP43_25.8kx22ky_10500x6500_8_20170928_116_498_X3Y8_177_a0,1161,704,250,250,1.0000000554133281
ZTMA208_slide_13.25kx21.95ky_7000x7000_9_20171115_342_B09.03289_Cy11x6_214_a0,188,528,250,250,1.0000000222891126
ZTMA208_slide_28.23kx22.4ky_7000x7000_5_20171115_115_B09.00720_Ay15x3_405_a0,6,371,250,250,1.0000000330495826
ZTMA208_slide_20.73kx22.16ky_7000x7000_7_20171115_233_B08.26390_By14x1_350_a0,416,437,250,250,1.0000000185945848
BaselTMA_SP43_25.8kx22ky_10500x6500_8_20170928_99_457_X5Y7_325_a0,618,525,250,250,0.9999999829801447
BaselTMA_SP42_32.8kx13.885ky_7000x8000_5_20179015_45_000032_X5Y1_6_a0,474,656,250,250,0.999999966499439
BaselTMA_SP43_22.8kx15ky_7000x8000_4_20170928_19_344_X5Y2_21_a0,569,308,250,250,0.9999999620443205
BaselTMA_SP42_32.435kx20.41ky_7000x7000_11_20179015_38_00322_X5Y8_83_a0,73,706,250,250,1.0000000237782105
ZTMA208_slide_13.25kx14.95ky_7000x7000_8_20171115_264_B08.26270_Cy1x8_94_a0,260,236,250,250,1.0000000267991094
ZTMA208_slide_13.25kx21.95ky_7000x7000_9_20171115_336_B08.39680_Cy10x8_166_a0,373,608,250,250,1.0000000092640986
ZTMA208_slide_13.25kx21.95ky_7000x7000_9_20171115_341_B08.39738_Cy11x5_206_a0,292,449,250,250,0.9999999792168637
ZTMA208_slide_28.23kx22.4ky_7000x7000_5_20171115_68_B09.40686_Ay9x4_59_a0,524,144,250,250,0.9999999950983345
ZTMA208_slide_13.25kx21.95ky_7000x7000_9_20171115_350_B08.15792_Cy12x6_270_a0,41,353,250,250,1.0000000231612076
BaselTMA_SP43_10.3kx13.7ky_6500x8000_6_20170928_50_494_X14Y4_156_a0,42,656,250,250,0.9999999782298932
ZTMA208_slide_20.73kx22.16ky_7000x7000_7_20171115_227_B08.45764_By13x3_301_a0,267,177,250,250,0.9999999848753126
BaselTMA_SP43_22.8kx15ky_7000x8000_4_20170928_52_496_X6Y4_150_a0,77,1388,250,250,0.9999999737284353
ZTMA208_slide_28.23kx15.4ky_7000x7000_4_20171115_28_B04.11513_Ay4x4_241_a0,327,338,250,250,1.0000000632000632
BaselTMA_SP41_15.475kx17.66ky_8000x5000_11_20170905_97_000071_X12Y6_8_a0,367,73,250,250,1.0000000479291258
BaselTMA_SP41_33.475kx12.66ky_8500x8500_2_20170905_67_000084_X8Y4_233_a0,675,475,250,250,0.999999999781399
ZTMA208_slide_20.73kx22.16ky_7000x7000_7_20171115_231_B08.26390_By13x7_334_a0,182,548,250,250,1.0000000041667783
BaselTMA_SP41_331.8kx19.665ky_10000x2000_15_20170905_19_000174_X3Y9_54_a0,1078,479,250,250,1.000000000789128
ZTMA208_slide_28.23kx15.4ky_7000x7000_4_20171115_6_B13.23109_Ay1x6_74_a0,43,277,250,250,1.000000000634254
ZTMA208_slide_13.25kx14.95ky_7000x7000_8_20171115_318_B08.38569_Cy8x6_495_a0,265,437,250,250,1.0000001213851681
